"Response_ID";"Timestamp";"Age";"Gender";"Occupation_Status";"Country_Region";"Monthly_Income_Range";"Shop_Most_Where";"Online_Shopping_Frequency";"Preferred_Platform";"Primary_Device";"Top_Spending_Category";"Review_Influence_Score";"Social_Ads_Influence_Score";"Price_Comparison_Frequency";"Discount_Importance_Score";"Follows_Brands_On_Social";"Likely_To_Buy_After_Ad_Score";"Makes_Shopping_List";"Impulse_Purchase_Frequency";"Return_Frequency";"Avg_Monthly_Spend_NonEssentials";"Preferred_Payment_Method";"Uses_BNPL_Installments";"Online_Shopping_Satisfaction_Score";"Trust_In_Online_Reviews_Score";"Regret_After_Purchase_Frequency";"Reason_Prefer_Online";"Reason_Prefer_InStore";"Best_Shopping_Mode"
2;"21/06/2026 13:52:02";24;"Male";"Employed part-time";"Brazil";"Under $1,000";"In-store only";"Often";"Local e-commerce";"Laptop";"Electronics";4;2;"5";2;"Yes";3;"Never";"4";"Often";"Under $50";"Digital wallet";"No, never";5;8;3;"Unknown";"Try product before buying";"Offline"
3;"15/08/2026 04:24:18";22;"Female";"Student";"India";"Under $1,000";"Equal mix";"Always";"Local e-commerce";"Smartphone";"Books";3;3;"5";3;"No";2;"Always";"3";"Sometimes";"$150-300";"Credit Card";"No, never";7;6;2;"Better prices";"Trust";"Online"
5;"20/08/2026 16:24:47";41;"Male";"Employed full-time";"United States";"$1,000-3,000";"Equal mix";"Occasionally";"Unknown";"Smartphone";"Electronics";2;1;"";3;"No";1;"Unknown";"2";"Sometimes";"$50-150";"Debit Card";"No, never";6;8;2;"Convenience";"Trust";"Equal / both"
6;"11/07/2026 00:16:12";32;"Male";"Employed full-time";"Egypt";"$1,000-3,000";"Equal mix";"Occasionally";"Physical stores";"Smartphone";"Clothing";4;3;"5";5;"Yes";1;"Often";"2";"Often";"$500+";"Digital wallet";"No, never";4;8;1;"Better prices";"No delivery wait";"Offline"
8;"19/07/2026 23:47:44";18;"Female";"Student";"India";"Under $1,000";"Equal mix";"Occasionally";"Global marketplace (Amazon etc.)";"Smartphone";"Unknown";3;4;"5";3;"No";1;"Never";"2";"Sometimes";"$50-150";"Credit Card";"Yes, occasionally";5;5;3;"Better prices";"No delivery wait";"Equal / both"
10;"30/07/2026 11:38:27";20;"Female";"Student";"Brazil";"Under $1,000";"Unknown";"Rarely";"Physical stores";"Smartphone";"Electronics";4;5;"5";4;"No";4;"Often";"4";"Sometimes";"$150-300";"Digital wallet";"Yes, regularly";7;8;2;"More variety";"No delivery wait";"Equal / both"
11;"07/07/2026 17:51:14";37;"Female";"Employed full-time";"Mexico";"Under $1,000";"Online only";"Often";"Brand websites";"Smartphone";"Beauty & personal care";1;1;"";5;"No";2;"Never";"1";"Sometimes";"Under $50";"Digital wallet";"Yes, occasionally";7;6;2;"More variety";"Try product before buying";"Online"
12;"20/08/2026 19:14:20";36;"Male";"Employed full-time";"United States";"$6,000+";"In-store only";"Occasionally";"Physical stores";"Tablet";"Beauty & personal care";4;3;"5";3;"No";4;"Sometimes";"2";"Sometimes";"$300-500";"Credit Card";"No, never";7;9;2;"Unknown";"Trust";"Offline"
13;"17/08/2026 21:17:14";18;"Female";"Employed part-time";"United Kingdom";"$1,000-3,000";"Equal mix";"Rarely";"Global marketplace (Amazon etc.)";"Laptop";"Clothing";4;4;"5";5;"No";4;"Often";"3";"Never";"$50-150";"Credit Card";"No, never";7;5;2;"More variety";"No delivery wait";"Online"
14;"14/07/2026 14:53:39";18;"Prefer not to say";"Employed part-time";"Indonesia";"Under $1,000";"In-store only";"Often";"Physical stores";"Laptop";"miscellaneous";5;4;"2";3;"No";5;"Always";"4";"Sometimes";"$50-150";"Digital wallet";"No, never";7;3;2;"Convenience";"Trust";"Offline"
20;"31/07/2026 12:23:10";41;"Female";"Employed full-time";"United Kingdom";"Under $1,000";"Unknown";"Often";"Brand websites";"Laptop";"Clothing";3;5;"4";5;"No";2;"Sometimes";"3";"Never";"$50-150";"Digital wallet";"No, never";6;5;3;"Better prices";"Try product before buying";"Offline"
21;"08/07/2026 09:42:18";34;"Male";"Employed part-time";"Mexico";"$1,000-3,000";"Online only";"Occasionally";"Brand websites";"Smartphone";"Clothing";5;4;"5";5;"No";3;"Sometimes";"4";"Never";"$150-300";"Credit Card";"No, never";10;3;3;"More variety";"Trust";"Online"
22;"22/07/2026 00:09:50";39;"Male";"Employed full-time";"India";"$1,000-3,000";"Equal mix";"Always";"Global marketplace (Amazon etc.)";"Smartphone";"miscellaneous";3;2;"5";4;"No";1;"Never";"1";"Sometimes";"$50-150";"Cash";"No, never";6;6;1;"More variety";"Not applicable";"Online"
23;"02/08/2026 15:57:34";21;"Female";"Student";"India";"Under $1,000";"Online only";"Occasionally";"Brand websites";"Unknown";"miscellaneous";4;2;"3";3;"No";3;"Sometimes";"2";"Never";"$50-150";"Digital wallet";"Yes, occasionally";7;6;3;"Not applicable";"Try product before buying";"Unknown"
31;"13/08/2026 09:16:29";21;"Prefer not to say";"Student";"Philippines";"Under $1,000";"Online only";"Rarely";"Unknown";"Smartphone";"Beauty & personal care";3;3;"5";4;"No";4;"Unknown";"1";"Never";"Under $50";"Digital wallet";"No, never";9;6;2;"Better prices";"Unknown";"Equal / both"
33;"26/06/2026 15:42:13";19;"Prefer not to say";"Student";"Brazil";"$3,000-6,000";"Equal mix";"Unknown";"Global marketplace (Amazon etc.)";"Laptop";"Electronics";4;4;"5";4;"No";3;"Never";"3";"Sometimes";"$150-300";"Debit Card";"Yes, regularly";6;10;2;"More variety";"Try product before buying";"Equal / both"
34;"06/08/2026 21:24:05";27;"Male";"Employed full-time";"United States";"$1,000-3,000";"Online only";"Often";"Local e-commerce";"Smartphone";"Clothing";4;4;"5";3;"Yes";5;"Sometimes";"3";"Sometimes";"Under $50";"Digital wallet";"Yes, occasionally";7;6;2;"Convenience";"Try product before buying";"Equal / both"
35;"24/07/2026 00:58:30";26;"Female";"Employed full-time";"Kenya";"$3,000-6,000";"Online only";"Occasionally";"Local e-commerce";"Smartphone";"Beauty & personal care";2;4;"3";5;"No";3;"Unknown";"2";"Often";"$50-150";"Digital wallet";"No, never";7;7;1;"More variety";"No delivery wait";"Online"
37;"18/08/2026 22:55:51";29;"Female";"Unemployed";"Pakistan";"$1,000-3,000";"Online only";"Occasionally";"Brand websites";"Smartphone";"Clothing";4;3;"5";3;"No";4;"Never";"4";"Often";"$50-150";"Cash";"No, never";9;6;1;"More variety";"Trust";"Online"
38;"18/07/2026 23:24:53";16;"Male";"Student";"Colombia";"Under $1,000";"Online only";"Often";"Global marketplace (Amazon etc.)";"Smartphone";"miscellaneous";3;1;"2";4;"No";1;"Never";"3";"Never";"$50-150";"Credit Card";"Yes, regularly";5;8;2;"Convenience";"Not applicable";"Online"
42;"07/08/2026 07:41:27";31;"Male";"Employed full-time";"Egypt";"$1,000-3,000";"Equal mix";"Occasionally";"Brand websites";"Smartphone";"Electronics";5;2;"5";4;"No";3;"Always";"4";"Sometimes";"$150-300";"Debit Card";"No, never";8;4;1;"Better prices";"No delivery wait";"Online"
43;"29/06/2026 21:11:20";21;"Male";"Employed part-time";"United States";"Under $1,000";"Equal mix";"Rarely";"Global marketplace (Amazon etc.)";"Smartphone";"Groceries";3;2;"3";3;"Unknown";2;"Sometimes";"3";"Often";"$50-150";"Digital wallet";"Yes, occasionally";7;7;2;"Convenience";"Trust";"Offline"
45;"30/07/2026 11:42:20";27;"Male";"Employed part-time";"Turkiye";"$1,000-3,000";"Equal mix";"Occasionally";"Global marketplace (Amazon etc.)";"Laptop";"Groceries";3;4;"";5;"No";2;"Often";"1";"Often";"$50-150";"Debit Card";"Yes, occasionally";6;4;1;"Convenience";"Trust";"Unknown"
48;"23/07/2026 13:58:34";32;"Male";"Employed part-time";"Colombia";"$6,000+";"In-store only";"Rarely";"Brand websites";"Laptop";"Beauty & personal care";1;2;"4";3;"No";1;"Sometimes";"2";"Sometimes";"$300-500";"Debit Card";"Yes, occasionally";7;6;4;"Convenience";"No delivery wait";"Offline"
49;"16/08/2026 07:16:32";19;"Male";"Student";"Nigeria";"Under $1,000";"Equal mix";"Occasionally";"Physical stores";"Smartphone";"Books";4;4;"5";3;"No";3;"Always";"";"Sometimes";"Under $50";"Debit Card";"Yes, occasionally";8;4;2;"Convenience";"Unknown";"Online"
50;"15/08/2026 04:03:27";30;"Male";"Self-employed";"Indonesia";"$3,000-6,000";"Online only";"Often";"Global marketplace (Amazon etc.)";"Smartphone";"Groceries";1;2;"2";3;"No";4;"Often";"2";"Sometimes";"Under $50";"Debit Card";"No, never";7;6;2;"Better prices";"Try product before buying";"Online"
51;"20/08/2026 18:18:10";42;"Male";"Self-employed";"Brazil";"Under $1,000";"Online only";"Often";"Local e-commerce";"Smartphone";"Groceries";3;3;"1";3;"No";3;"Always";"2";"Sometimes";"$150-300";"Cash";"No, never";10;10;2;"More variety";"No delivery wait";"Online"
52;"23/08/2026 20:34:15";31;"Male";"Employed full-time";"Pakistan";"$3,000-6,000";"Online only";"Often";"Local e-commerce";"Smartphone";"Clothing";3;2;"5";4;"No";3;"Never";"2";"Never";"$300-500";"Credit Card";"No, never";7;8;4;"Convenience";"Not applicable";"Online"
53;"10/08/2026 04:59:16";36;"Prefer not to say";"Self-employed";"United States";"$3,000-6,000";"Equal mix";"Occasionally";"Local e-commerce";"Smartphone";"Clothing";2;2;"5";4;"No";1;"Sometimes";"1";"Sometimes";"$150-300";"Cash";"No, never";6;4;2;"Better prices";"Try product before buying";"Offline"
61;"24/08/2026 20:32:11";21;"Female";"Student";"India";"Under $1,000";"Online only";"Unknown";"Global marketplace (Amazon etc.)";"Laptop";"Clothing";1;3;"4";4;"No";2;"Always";"4";"Never";"Under $50";"Digital wallet";"Yes, regularly";9;6;2;"Not applicable";"Trust";"Online"
65;"28/06/2026 07:33:57";35;"Male";"Employed full-time";"South Africa";"Under $1,000";"In-store only";"Occasionally";"Local e-commerce";"Smartphone";"Clothing";2;4;"4";3;"No";3;"Sometimes";"2";"Never";"Unknown";"Credit Card";"No, never";9;6;2;"Convenience";"No delivery wait";"Offline"
66;"26/07/2026 00:26:52";42;"Female";"Employed full-time";"South Africa";"$3,000-6,000";"Equal mix";"Often";"Global marketplace (Amazon etc.)";"Laptop";"Groceries";2;3;"4";5;"No";2;"Often";"2";"Never";"Unknown";"Debit Card";"Yes, occasionally";9;8;2;"More variety";"Try product before buying";"Unknown"
67;"17/08/2026 14:34:10";21;"Female";"Student";"Kenya";"Under $1,000";"Equal mix";"Often";"Brand websites";"Laptop";"Clothing";4;3;"5";5;"No";2;"Never";"3";"Sometimes";"Under $50";"Credit Card";"No, never";7;8;2;"Convenience";"No delivery wait";"Offline"
71;"30/07/2026 15:14:33";24;"Prefer not to say";"Self-employed";"India";"Unknown";"Equal mix";"Rarely";"Global marketplace (Amazon etc.)";"Laptop";"Electronics";5;4;"5";3;"No";4;"Often";"2";"Never";"$150-300";"Digital wallet";"No, never";8;5;1;"More variety";"Try product before buying";"Offline"
72;"23/06/2026 19:43:12";24;"Male";"Employed part-time";"Brazil";"$6,000+";"Online only";"Often";"Brand websites";"Smartphone";"Groceries";1;2;"4";5;"No";2;"Often";"3";"Never";"$300-500";"Cash";"Yes, occasionally";8;4;3;"Convenience";"Trust";"Online"
75;"23/06/2026 20:47:44";27;"Male";"Unemployed";"Turkiye";"Under $1,000";"Equal mix";"Always";"Brand websites";"Smartphone";"Clothing";1;2;"";4;"Yes";2;"Never";"1";"Never";"$150-300";"Digital wallet";"No, never";7;8;1;"Convenience";"Try product before buying";"Offline"
76;"16/08/2026 04:06:02";24;"Male";"Student";"Brazil";"Under $1,000";"Equal mix";"Occasionally";"Brand websites";"Laptop";"Groceries";5;4;"";2;"No";4;"Often";"4";"Sometimes";"$50-150";"Credit Card";"Unknown";6;10;1;"More variety";"Not applicable";"Offline"
78;"22/08/2026 12:45:17";25;"Male";"Student";"India";"Unknown";"Online only";"Occasionally";"Global marketplace (Amazon etc.)";"Smartphone";"Clothing";5;5;"3";5;"No";5;"Often";"4";"Sometimes";"$50-150";"Digital wallet";"Yes, regularly";6;7;1;"Not applicable";"Try product before buying";"Online"
81;"30/06/2026 13:31:27";21;"Female";"Employed full-time";"Vietnam";"$6,000+";"Online only";"Unknown";"Local e-commerce";"Smartphone";"Electronics";2;2;"4";4;"No";1;"Always";"";"Never";"$500+";"Credit Card";"Yes, occasionally";10;6;1;"Convenience";"Trust";"Equal / both"
82;"26/06/2026 20:54:23";23;"Female";"Student";"Turkiye";"$1,000-3,000";"Equal mix";"Rarely";"Global marketplace (Amazon etc.)";"Smartphone";"Clothing";5;4;"5";5;"No";5;"Often";"3";"Never";"$150-300";"Debit Card";"No, never";9;5;3;"More variety";"Try product before buying";"Online"
84;"20/06/2026 05:00:08";29;"Female";"Employed part-time";"India";"Under $1,000";"Equal mix";"Always";"Unknown";"Smartphone";"Groceries";3;3;"3";3;"Yes";3;"Sometimes";"4";"Sometimes";"$50-150";"Digital wallet";"No, never";6;5;3;"More variety";"Try product before buying";"Equal / both"
86;"19/07/2026 02:24:16";21;"Male";"Employed part-time";"Egypt";"Under $1,000";"Equal mix";"Occasionally";"Local e-commerce";"Smartphone";"Clothing";3;4;"5";4;"Yes";4;"Sometimes";"4";"Never";"Under $50";"Cash";"No, never";8;7;3;"Better prices";"Try product before buying";"Offline"
91;"02/08/2026 11:07:43";26;"Prefer not to say";"Self-employed";"United States";"Unknown";"Online only";"Occasionally";"Brand websites";"Smartphone";"Books";3;3;"5";5;"Yes";3;"Sometimes";"2";"Often";"Under $50";"Debit Card";"No, never";7;9;3;"More variety";"No delivery wait";"Online"
92;"24/07/2026 17:57:38";17;"Male";"Student";"United States";"Under $1,000";"Equal mix";"Rarely";"Local e-commerce";"Smartphone";"Beauty & personal care";1;1;"5";5;"No";1;"Often";"2";"Sometimes";"Under $50";"Digital wallet";"No, never";6;7;3;"Convenience";"Trust";"Online"
93;"14/08/2026 19:37:46";21;"Male";"Unemployed";"Colombia";"Under $1,000";"Online only";"Occasionally";"Global marketplace (Amazon etc.)";"Smartphone";"miscellaneous";4;5;"5";3;"No";4;"Often";"4";"Sometimes";"$50-150";"Digital wallet";"Yes, occasionally";7;9;2;"More variety";"Try product before buying";"Online"
94;"05/07/2026 15:15:26";29;"Prefer not to say";"Employed full-time";"Kenya";"$1,000-3,000";"Online only";"Often";"Physical stores";"Smartphone";"Electronics";4;4;"3";4;"No";4;"Sometimes";"4";"Often";"$150-300";"Digital wallet";"Yes, regularly";5;7;2;"Convenience";"Try product before buying";"Unknown"
96;"22/07/2026 16:50:37";18;"Prefer not to say";"Employed part-time";"Brazil";"Under $1,000";"Equal mix";"Occasionally";"Local e-commerce";"Laptop";"Clothing";4;4;"5";3;"No";3;"Sometimes";"4";"Never";"Under $50";"Digital wallet";"No, never";8;3;2;"Convenience";"Try product before buying";"Online"
97;"23/06/2026 06:55:42";21;"Male";"Student";"Vietnam";"Under $1,000";"Equal mix";"Occasionally";"Global marketplace (Amazon etc.)";"Smartphone";"Clothing";4;3;"5";2;"Yes";4;"Sometimes";"3";"Never";"Under $50";"Digital wallet";"No, never";5;5;4;"Convenience";"Try product before buying";"Offline"
98;"13/07/2026 07:41:48";19;"Male";"Student";"Indonesia";"$1,000-3,000";"Equal mix";"Occasionally";"Brand websites";"Laptop";"Books";3;5;"4";3;"No";2;"Never";"4";"Sometimes";"Under $50";"Debit Card";"No, never";7;7;3;"More variety";"Not applicable";"Equal / both"
99;"19/08/2026 10:10:47";42;"Female";"Self-employed";"India";"$3,000-6,000";"Online only";"Often";"Local e-commerce";"Smartphone";"Clothing";2;4;"4";5;"No";2;"Often";"1";"Never";"Under $50";"Debit Card";"No, never";8;8;1;"Better prices";"Trust";"Online"
102;"07/08/2026 15:19:18";50;"Female";"Employed full-time";"Kenya";"$1,000-3,000";"Equal mix";"Occasionally";"Local e-commerce";"Smartphone";"Electronics";5;5;"";2;"No";3;"Sometimes";"4";"Sometimes";"$300-500";"Debit Card";"Yes, occasionally";8;7;3;"Convenience";"Try product before buying";"Online"
103;"03/07/2026 05:41:43";23;"Male";"Self-employed";"India";"Under $1,000";"In-store only";"Occasionally";"Global marketplace (Amazon etc.)";"Smartphone";"miscellaneous";3;1;"5";3;"No";5;"Sometimes";"2";"Often";"$50-150";"Digital wallet";"Yes, regularly";8;5;1;"More variety";"Try product before buying";"Offline"
104;"26/06/2026 09:15:22";18;"Male";"Student";"Vietnam";"Under $1,000";"Online only";"Occasionally";"Global marketplace (Amazon etc.)";"Smartphone";"Clothing";1;2;"5";4;"No";2;"Never";"3";"Never";"Under $50";"Debit Card";"Unknown";7;7;1;"Convenience";"No delivery wait";"Equal / both"
105;"19/08/2026 13:56:09";48;"Male";"Employed full-time";"Indonesia";"$3,000-6,000";"Equal mix";"Unknown";"Brand websites";"Smartphone";"Unknown";3;2;"5";3;"No";2;"Never";"2";"Sometimes";"Under $50";"Credit Card";"No, never";7;6;1;"More variety";"Not applicable";"Offline"
106;"29/07/2026 12:13:49";24;"Male";"Student";"Germany";"Under $1,000";"Online only";"Always";"Local e-commerce";"Smartphone";"Groceries";1;3;"5";3;"No";2;"Always";"3";"Never";"Under $50";"Debit Card";"Yes, regularly";6;5;3;"More variety";"Trust";"Online"
108;"08/08/2026 02:15:20";20;"Female";"Student";"Mexico";"$1,000-3,000";"Equal mix";"Rarely";"Local e-commerce";"Laptop";"Clothing";3;2;"4";3;"No";3;"Never";"2";"Never";"Under $50";"Digital wallet";"No, never";9;5;2;"Convenience";"Try product before buying";"Equal / both"
109;"04/07/2026 01:38:46";19;"Female";"Student";"United States";"Under $1,000";"Equal mix";"Often";"Physical stores";"Laptop";"Clothing";2;2;"3";2;"No";4;"Never";"2";"Sometimes";"Under $50";"Cash";"No, never";10;6;2;"Convenience";"Try product before buying";"Equal / both"
111;"20/06/2026 08:50:50";33;"Female";"Employed full-time";"Kenya";"Under $1,000";"Equal mix";"Rarely";"Local e-commerce";"Smartphone";"Clothing";4;4;"3";4;"No";4;"Often";"5";"Never";"Under $50";"Digital wallet";"Yes, occasionally";9;5;3;"Convenience";"Not applicable";"Offline"
113;"27/06/2026 05:06:18";16;"Prefer not to say";"Student";"Egypt";"$1,000-3,000";"Online only";"Often";"Brand websites";"Smartphone";"Groceries";2;5;"4";5;"Yes";3;"Never";"3";"Sometimes";"$50-150";"Debit Card";"No, never";5;7;3;"Convenience";"Trust";"Online"
115;"11/07/2026 17:47:06";18;"Female";"Employed part-time";"India";"Under $1,000";"Equal mix";"Always";"Brand websites";"Smartphone";"Clothing";3;5;"4";5;"No";4;"Often";"4";"Sometimes";"Under $50";"Digital wallet";"Yes, regularly";5;4;2;"More variety";"No delivery wait";"Online"
116;"13/08/2026 20:26:20";19;"Female";"Student";"Philippines";"Under $1,000";"In-store only";"Often";"Local e-commerce";"Smartphone";"Groceries";3;4;"4";3;"Yes";5;"Always";"2";"Never";"$50-150";"Digital wallet";"Yes, occasionally";7;7;3;"Better prices";"Trust";"Offline"
120;"12/07/2026 19:00:32";21;"Male";"Student";"Philippines";"$3,000-6,000";"Equal mix";"Occasionally";"Local e-commerce";"Laptop";"miscellaneous";3;3;"5";5;"No";3;"Sometimes";"2";"Sometimes";"$300-500";"Cash";"No, never";6;9;2;"More variety";"Try product before buying";"Equal / both"
123;"15/07/2026 21:27:51";19;"Female";"Student";"Kenya";"$3,000-6,000";"Online only";"Always";"Local e-commerce";"Laptop";"Groceries";2;3;"2";5;"No";1;"Never";"1";"Often";"Under $50";"Debit Card";"Yes, occasionally";7;5;1;"Better prices";"Try product before buying";"Online"
124;"03/08/2026 13:48:42";18;"Male";"Employed part-time";"India";"Under $1,000";"Online only";"Occasionally";"Physical stores";"Smartphone";"miscellaneous";3;4;"5";2;"No";4;"Never";"3";"Sometimes";"Under $50";"Digital wallet";"Yes, regularly";8;7;3;"Better prices";"Try product before buying";"Online"
126;"31/07/2026 03:45:50";18;"Female";"Employed part-time";"Indonesia";"Under $1,000";"Online only";"Occasionally";"Physical stores";"Smartphone";"Groceries";4;3;"5";3;"No";4;"Sometimes";"2";"Never";"$50-150";"Debit Card";"No, never";8;4;3;"Convenience";"No delivery wait";"Online"
128;"12/07/2026 15:52:12";32;"Male";"Employed full-time";"South Africa";"$1,000-3,000";"Online only";"Rarely";"Local e-commerce";"Laptop";"Clothing";2;3;"5";5;"No";2;"Sometimes";"2";"Never";"$300-500";"Debit Card";"Yes, occasionally";6;5;1;"Better prices";"Not applicable";"Online"
129;"23/06/2026 18:13:31";21;"Female";"Student";"Slovakia";"Under $1,000";"Equal mix";"Often";"Global marketplace (Amazon etc.)";"Smartphone";"Beauty & personal care";5;3;"5";3;"No";4;"Often";"3";"Never";"$50-150";"Credit Card";"No, never";8;7;3;"Better prices";"Try product before buying";"Offline"
130;"09/07/2026 07:12:24";19;"Female";"Student";"India";"Under $1,000";"Equal mix";"Occasionally";"Local e-commerce";"Smartphone";"Clothing";1;2;"5";4;"No";2;"Often";"3";"Never";"$150-300";"Cash";"No, never";3;10;2;"Convenience";"Trust";"Online"
131;"08/08/2026 10:18:17";37;"Female";"Employed full-time";"Philippines";"Under $1,000";"Online only";"Occasionally";"Local e-commerce";"Laptop";"Groceries";2;1;"4";3;"No";1;"Often";"4";"Never";"Under $50";"Digital wallet";"No, never";6;8;4;"Better prices";"Not applicable";"Online"
133;"28/07/2026 09:50:20";39;"Female";"Employed full-time";"Mexico";"$3,000-6,000";"Equal mix";"Often";"Brand websites";"Smartphone";"Clothing";4;3;"4";4;"Yes";3;"Sometimes";"1";"Sometimes";"$300-500";"Digital wallet";"Yes, occasionally";8;7;1;"More variety";"Trust";"Online"
135;"19/08/2026 15:58:38";21;"Male";"Student";"Egypt";"Under $1,000";"Equal mix";"Occasionally";"Local e-commerce";"Laptop";"Unknown";3;3;"3";5;"No";2;"Often";"2";"Never";"Unknown";"Cash";"Unknown";8;8;1;"Convenience";"Try product before buying";"Offline"
137;"03/07/2026 12:34:17";24;"Female";"Student";"Indonesia";"Under $1,000";"Equal mix";"Occasionally";"Physical stores";"Smartphone";"Electronics";1;3;"4";3;"No";3;"Sometimes";"4";"Never";"Unknown";"Cash";"No, never";10;6;3;"Convenience";"No delivery wait";"Offline"
138;"30/06/2026 03:11:13";22;"Female";"Student";"Vietnam";"Under $1,000";"In-store only";"Occasionally";"Global marketplace (Amazon etc.)";"Laptop";"Clothing";3;4;"5";5;"No";2;"Always";"3";"Sometimes";"Unknown";"Cash";"Yes, occasionally";10;6;3;"Convenience";"Unknown";"Offline"
139;"23/08/2026 05:17:25";17;"Male";"Student";"Egypt";"$1,000-3,000";"In-store only";"Occasionally";"Brand websites";"Laptop";"Groceries";4;2;"3";3;"No";3;"Never";"1";"Often";"Under $50";"Credit Card";"Yes, occasionally";10;6;2;"More variety";"Try product before buying";"Unknown"
140;"09/08/2026 12:29:33";20;"Female";"Student";"India";"$6,000+";"Unknown";"Occasionally";"Global marketplace (Amazon etc.)";"Smartphone";"Clothing";2;3;"5";4;"No";2;"Never";"1";"Sometimes";"$50-150";"Cash";"No, never";7;9;1;"Not applicable";"No delivery wait";"Offline"
142;"05/08/2026 11:17:27";26;"Female";"Employed part-time";"Mexico";"$6,000+";"Online only";"Often";"Global marketplace (Amazon etc.)";"Smartphone";"Clothing";2;4;"";4;"No";4;"Sometimes";"3";"Never";"$300-500";"Credit Card";"Yes, occasionally";9;8;2;"Unknown";"Try product before buying";"Online"
144;"16/08/2026 18:12:15";29;"Female";"Employed part-time";"Poland";"$1,000-3,000";"Equal mix";"Occasionally";"Global marketplace (Amazon etc.)";"Smartphone";"miscellaneous";3;1;"4";4;"No";3;"Sometimes";"4";"Sometimes";"$50-150";"Credit Card";"Yes, regularly";5;4;3;"Unknown";"Trust";"Unknown"
145;"30/06/2026 21:16:17";23;"Male";"Student";"Mexico";"Under $1,000";"In-store only";"Occasionally";"Physical stores";"Smartphone";"miscellaneous";3;3;"3";3;"No";3;"Sometimes";"1";"Never";"Under $50";"Credit Card";"Unknown";6;8;2;"More variety";"No delivery wait";"Offline"
146;"21/08/2026 08:23:28";16;"Female";"Student";"Egypt";"Under $1,000";"Equal mix";"Often";"Physical stores";"Laptop";"Clothing";5;4;"4";3;"No";2;"Always";"1";"Sometimes";"Under $50";"Debit Card";"No, never";8;8;1;"Convenience";"Not applicable";"Offline"
147;"27/07/2026 00:32:33";18;"Male";"Student";"Mexico";"Under $1,000";"Online only";"Occasionally";"Global marketplace (Amazon etc.)";"Smartphone";"Beauty & personal care";2;2;"5";5;"Yes";4;"Often";"3";"Sometimes";"$50-150";"Cash";"No, never";7;6;1;"Better prices";"Trust";"Online"
150;"03/08/2026 05:21:13";32;"Female";"Employed part-time";"United Kingdom";"$1,000-3,000";"Equal mix";"Occasionally";"Global marketplace (Amazon etc.)";"Smartphone";"Clothing";3;3;"4";4;"Yes";4;"Sometimes";"4";"Sometimes";"$150-300";"Cash";"No, never";3;7;2;"More variety";"Trust";"Offline"
151;"31/07/2026 06:08:14";25;"Male";"Employed part-time";"Vietnam";"Under $1,000";"Equal mix";"Occasionally";"Brand websites";"Smartphone";"Groceries";3;5;"3";4;"Yes";4;"Never";"5";"Never";"$50-150";"Debit Card";"No, never";8;6;4;"More variety";"Not applicable";"Online"
154;"22/08/2026 03:25:23";23;"Female";"Student";"Kenya";"Under $1,000";"Equal mix";"Occasionally";"Global marketplace (Amazon etc.)";"Smartphone";"Beauty & personal care";3;5;"4";4;"No";5;"Sometimes";"5";"Sometimes";"$150-300";"Digital wallet";"No, never";7;5;1;"Convenience";"Trust";"Online"
160;"24/08/2026 11:20:50";39;"Female";"Employed full-time";"Brazil";"$6,000+";"Online only";"Occasionally";"Unknown";"Smartphone";"miscellaneous";5;5;"5";3;"No";4;"Sometimes";"2";"Sometimes";"$300-500";"Debit Card";"No, never";7;6;2;"Convenience";"Trust";"Online"
161;"16/08/2026 01:06:40";20;"Prefer not to say";"Student";"India";"$3,000-6,000";"Equal mix";"Occasionally";"Local e-commerce";"Smartphone";"Clothing";5;4;"5";3;"No";3;"Sometimes";"4";"Sometimes";"$50-150";"Credit Card";"No, never";8;7;4;"Better prices";"Try product before buying";"Online"
163;"13/07/2026 20:38:18";37;"Prefer not to say";"Self-employed";"Philippines";"$3,000-6,000";"Online only";"Often";"Global marketplace (Amazon etc.)";"Smartphone";"Groceries";2;2;"5";4;"No";2;"Sometimes";"1";"Never";"$50-150";"Debit Card";"Yes, occasionally";8;4;1;"Convenience";"Try product before buying";"Online"
165;"26/06/2026 18:53:27";21;"Female";"Employed full-time";"India";"$6,000+";"Unknown";"Occasionally";"Brand websites";"Laptop";"Clothing";5;3;"5";5;"No";5;"Often";"1";"Sometimes";"$50-150";"Credit Card";"Yes, occasionally";8;1;1;"Convenience";"Trust";"Online"
166;"14/08/2026 08:50:40";16;"Male";"Student";"Brazil";"$1,000-3,000";"Equal mix";"Often";"Brand websites";"Smartphone";"Clothing";2;1;"4";4;"Unknown";3;"Often";"1";"Sometimes";"$150-300";"Cash";"Yes, occasionally";8;10;2;"Convenience";"Not applicable";"Equal / both"
168;"26/07/2026 09:03:37";20;"Male";"Student";"Brazil";"Under $1,000";"Equal mix";"Occasionally";"Local e-commerce";"Laptop";"Clothing";1;1;"3";3;"No";2;"Unknown";"2";"Never";"$150-300";"Debit Card";"Yes, occasionally";7;5;3;"More variety";"No delivery wait";"Online"
172;"25/07/2026 02:10:59";21;"Prefer not to say";"Student";"India";"Under $1,000";"Online only";"Often";"Brand websites";"Laptop";"Electronics";4;3;"4";4;"No";4;"Always";"2";"Sometimes";"Under $50";"Digital wallet";"Yes, regularly";5;5;2;"Not applicable";"Trust";"Online"
173;"28/07/2026 22:33:54";21;"Female";"Employed full-time";"Nigeria";"Under $1,000";"Online only";"Occasionally";"Brand websites";"Smartphone";"miscellaneous";4;5;"4";3;"Yes";4;"Often";"5";"Never";"Unknown";"Digital wallet";"Yes, occasionally";7;6;3;"Better prices";"Try product before buying";"Online"
174;"07/08/2026 11:49:18";19;"Male";"Student";"Kenya";"Under $1,000";"Equal mix";"Often";"Local e-commerce";"Smartphone";"Books";5;5;"4";4;"Yes";4;"Sometimes";"4";"Never";"Under $50";"Debit Card";"Yes, occasionally";8;6;1;"Convenience";"Try product before buying";"Offline"
176;"02/08/2026 04:41:38";22;"Female";"Student";"Brazil";"Under $1,000";"Equal mix";"Always";"Brand websites";"Smartphone";"Electronics";2;1;"";3;"No";3;"Sometimes";"1";"Sometimes";"Under $50";"Credit Card";"Yes, regularly";8;10;2;"Convenience";"Trust";"Online"
177;"09/07/2026 19:04:02";16;"Female";"Student";"United Kingdom";"Under $1,000";"Equal mix";"Occasionally";"Global marketplace (Amazon etc.)";"Laptop";"Groceries";3;3;"4";5;"No";3;"Often";"3";"Never";"Under $50";"Digital wallet";"Yes, regularly";8;6;2;"Better prices";"Try product before buying";"Online"
178;"21/06/2026 23:30:28";16;"Male";"Student";"Mexico";"Under $1,000";"Online only";"Occasionally";"Brand websites";"Laptop";"Unknown";3;2;"4";2;"No";2;"Sometimes";"3";"Sometimes";"Under $50";"Debit Card";"No, never";6;9;2;"Convenience";"Try product before buying";"Equal / both"
179;"12/07/2026 14:34:08";19;"Male";"Student";"Brazil";"$1,000-3,000";"Online only";"Occasionally";"Physical stores";"Tablet";"Clothing";2;3;"3";5;"No";3;"Often";"4";"Never";"$150-300";"Credit Card";"No, never";6;7;3;"More variety";"Not applicable";"Online"
180;"20/08/2026 18:44:36";21;"Prefer not to say";"Student";"Poland";"Under $1,000";"Online only";"Always";"Local e-commerce";"Smartphone";"Clothing";2;2;"1";4;"No";1;"Always";"1";"Often";"$150-300";"Digital wallet";"Yes, occasionally";7;5;1;"More variety";"No delivery wait";"Online"
181;"25/06/2026 17:47:37";20;"Prefer not to say";"Student";"Kenya";"$3,000-6,000";"Online only";"Occasionally";"Global marketplace (Amazon etc.)";"Tablet";"Beauty & personal care";3;3;"5";5;"Yes";4;"Never";"1";"Never";"$50-150";"Unknown";"No, never";6;3;1;"Convenience";"Not applicable";"Online"
183;"24/06/2026 16:01:05";22;"Male";"Student";"Brazil";"Under $1,000";"Equal mix";"Rarely";"Physical stores";"Laptop";"Electronics";4;2;"4";2;"No";3;"Often";"3";"Sometimes";"$50-150";"Digital wallet";"No, never";8;4;2;"More variety";"Not applicable";"Online"
185;"10/08/2026 21:31:43";21;"Female";"Employed full-time";"Colombia";"$3,000-6,000";"In-store only";"Often";"Global marketplace (Amazon etc.)";"Smartphone";"Books";5;5;"4";5;"No";3;"Unknown";"4";"Sometimes";"$150-300";"Cash";"Yes, occasionally";5;5;3;"Not applicable";"No delivery wait";"Offline"
190;"02/07/2026 15:35:05";37;"Male";"Employed part-time";"Kenya";"Unknown";"Online only";"Occasionally";"Brand websites";"Smartphone";"Groceries";5;4;"4";3;"Yes";4;"Never";"3";"Never";"Under $50";"Debit Card";"Yes, occasionally";7;4;2;"Unknown";"Try product before buying";"Online"
194;"01/08/2026 11:22:56";20;"Male";"Student";"Poland";"Under $1,000";"Equal mix";"Unknown";"Global marketplace (Amazon etc.)";"Laptop";"Books";3;1;"3";5;"No";4;"Sometimes";"3";"Never";"Under $50";"Credit Card";"Yes, occasionally";6;9;3;"More variety";"No delivery wait";"Equal / both"
196;"30/06/2026 13:23:02";20;"Female";"Student";"Germany";"$1,000-3,000";"Equal mix";"Always";"Physical stores";"Smartphone";"Beauty & personal care";5;3;"5";3;"No";3;"Often";"2";"Sometimes";"$50-150";"Digital wallet";"No, never";7;7;3;"Not applicable";"No delivery wait";"Online"
198;"08/07/2026 16:32:31";20;"Female";"Student";"Poland";"Under $1,000";"Equal mix";"Occasionally";"Brand websites";"Smartphone";"Groceries";3;3;"5";5;"Yes";4;"Sometimes";"2";"Sometimes";"$50-150";"Cash";"Yes, occasionally";8;4;2;"Convenience";"Unknown";"Offline"
199;"16/07/2026 20:30:01";21;"Male";"Student";"South Africa";"Under $1,000";"Equal mix";"Occasionally";"Brand websites";"Smartphone";"Clothing";3;3;"4";3;"No";3;"Sometimes";"2";"Sometimes";"$50-150";"Debit Card";"No, never";6;4;1;"Convenience";"Try product before buying";"Online"
200;"02/07/2026 12:08:30";18;"Male";"Student";"India";"Under $1,000";"Equal mix";"Occasionally";"Brand websites";"Smartphone";"Clothing";3;4;"4";5;"Yes";2;"Never";"4";"Never";"$50-150";"Digital wallet";"No, never";8;3;3;"Better prices";"Trust";"Offline"
201;"11/08/2026 11:37:36";22;"Female";"Student";"India";"Under $1,000";"Online only";"Often";"Unknown";"Smartphone";"miscellaneous";4;3;"3";3;"No";3;"Often";"2";"Sometimes";"$50-150";"Unknown";"No, never";7;4;1;"More variety";"No delivery wait";"Online"
202;"14/07/2026 05:45:06";21;"Male";"Student";"Nigeria";"Under $1,000";"Equal mix";"Occasionally";"Physical stores";"Smartphone";"miscellaneous";4;3;"3";2;"No";3;"Always";"3";"Sometimes";"Under $50";"Debit Card";"Yes, occasionally";7;3;3;"Convenience";"Trust";"Online"
203;"13/07/2026 15:23:48";20;"Male";"Student";"India";"Under $1,000";"Equal mix";"Rarely";"Local e-commerce";"Laptop";"Beauty & personal care";3;2;"5";3;"No";3;"Sometimes";"3";"Sometimes";"Under $50";"Debit Card";"No, never";8;9;3;"Better prices";"Not applicable";"Online"
204;"23/07/2026 12:41:21";20;"Female";"Student";"Vietnam";"Under $1,000";"Equal mix";"Occasionally";"Global marketplace (Amazon etc.)";"Smartphone";"Groceries";4;1;"3";4;"No";3;"Never";"2";"Sometimes";"Under $50";"Digital wallet";"No, never";6;5;2;"Convenience";"Try product before buying";"Equal / both"
205;"11/07/2026 12:05:55";38;"Female";"Employed full-time";"Pakistan";"$1,000-3,000";"Equal mix";"Often";"Physical stores";"Laptop";"Clothing";2;4;"5";5;"No";3;"Never";"2";"Sometimes";"$50-150";"Credit Card";"No, never";9;5;1;"Better prices";"Not applicable";"Equal / both"
208;"20/08/2026 14:14:04";35;"Male";"Employed full-time";"Slovakia";"$1,000-3,000";"In-store only";"Occasionally";"Local e-commerce";"Smartphone";"miscellaneous";5;4;"4";4;"No";4;"Sometimes";"2";"Sometimes";"Unknown";"Unknown";"No, never";5;4;1;"Convenience";"Trust";"Offline"
209;"24/08/2026 15:00:13";18;"Male";"Student";"India";"$3,000-6,000";"Equal mix";"Often";"Local e-commerce";"Smartphone";"Electronics";4;2;"4";4;"No";2;"Often";"2";"Never";"$500+";"Digital wallet";"No, never";9;8;1;"More variety";"Trust";"Offline"
210;"08/08/2026 20:22:25";27;"Male";"Employed full-time";"Pakistan";"$1,000-3,000";"Equal mix";"Often";"Global marketplace (Amazon etc.)";"Smartphone";"Electronics";3;5;"4";4;"Unknown";4;"Sometimes";"4";"Sometimes";"Unknown";"Debit Card";"Yes, occasionally";9;6;2;"More variety";"Try product before buying";"Online"
211;"19/07/2026 20:05:29";18;"Male";"Student";"Poland";"Under $1,000";"Equal mix";"Occasionally";"Global marketplace (Amazon etc.)";"Tablet";"Clothing";3;4;"3";4;"Yes";3;"Never";"3";"Often";"Under $50";"Credit Card";"No, never";6;7;3;"More variety";"Trust";"Offline"
213;"04/08/2026 00:08:31";35;"Male";"Employed full-time";"India";"$3,000-6,000";"Equal mix";"Occasionally";"Physical stores";"Smartphone";"Clothing";1;2;"5";4;"No";2;"Often";"1";"Never";"$50-150";"Cash";"No, never";6;6;3;"Convenience";"Not applicable";"Offline"
215;"05/08/2026 01:31:39";18;"Male";"Unemployed";"Kenya";"Unknown";"Unknown";"Occasionally";"Local e-commerce";"Laptop";"Beauty & personal care";3;2;"4";5;"No";3;"Never";"3";"Never";"$50-150";"Debit Card";"Yes, occasionally";7;6;4;"More variety";"Trust";"Equal / both"
218;"14/07/2026 14:26:17";35;"Male";"Unemployed";"Poland";"Under $1,000";"Equal mix";"Rarely";"Physical stores";"Laptop";"Clothing";1;3;"5";2;"No";2;"Often";"4";"Sometimes";"Under $50";"Credit Card";"No, never";9;4;4;"More variety";"No delivery wait";"Offline"
219;"11/08/2026 04:02:21";26;"Female";"Employed part-time";"Pakistan";"Under $1,000";"In-store only";"Rarely";"Brand websites";"Smartphone";"Clothing";2;2;"3";3;"No";2;"Never";"3";"Unknown";"$50-150";"Digital wallet";"Yes, occasionally";8;7;4;"Convenience";"No delivery wait";"Offline"
221;"26/06/2026 20:36:09";22;"Male";"Employed part-time";"Philippines";"Unknown";"In-store only";"Occasionally";"Brand websites";"Smartphone";"Unknown";4;4;"3";5;"No";3;"Sometimes";"2";"Sometimes";"$50-150";"Cash";"Yes, occasionally";9;2;3;"Convenience";"No delivery wait";"Offline"
223;"16/08/2026 14:26:25";24;"Prefer not to say";"Employed part-time";"India";"$1,000-3,000";"Equal mix";"Occasionally";"Local e-commerce";"Smartphone";"Clothing";1;2;"5";3;"No";2;"Often";"2";"Never";"$50-150";"Debit Card";"No, never";4;3;3;"Not applicable";"Trust";"Offline"
224;"16/08/2026 14:40:15";17;"Male";"Student";"United States";"$6,000+";"In-store only";"Occasionally";"Local e-commerce";"Smartphone";"Unknown";4;4;"4";5;"Yes";3;"Never";"1";"Sometimes";"$50-150";"Credit Card";"No, never";10;6;2;"More variety";"Not applicable";"Equal / both"
226;"14/07/2026 23:08:52";25;"Male";"Self-employed";"Philippines";"$6,000+";"Equal mix";"Occasionally";"Brand websites";"Smartphone";"Electronics";4;5;"";5;"No";4;"Often";"3";"Never";"$500+";"Digital wallet";"Yes, occasionally";8;8;1;"Not applicable";"Trust";"Equal / both"
230;"04/08/2026 18:21:02";17;"Male";"Student";"Philippines";"Unknown";"Online only";"Rarely";"Brand websites";"Laptop";"miscellaneous";3;2;"4";5;"No";2;"Often";"2";"Never";"Under $50";"Credit Card";"No, never";8;5;1;"More variety";"No delivery wait";"Online"
231;"24/07/2026 02:26:37";46;"Male";"Employed full-time";"South Africa";"Under $1,000";"Online only";"Occasionally";"Global marketplace (Amazon etc.)";"Tablet";"Clothing";1;4;"5";4;"No";3;"Often";"2";"Sometimes";"$150-300";"Debit Card";"Yes, regularly";4;5;3;"Better prices";"Trust";"Online"
232;"08/08/2026 17:38:37";27;"Male";"Student";"Nigeria";"Under $1,000";"Equal mix";"Always";"Brand websites";"Smartphone";"Groceries";1;2;"4";5;"No";3;"Unknown";"2";"Sometimes";"Under $50";"Credit Card";"No, never";7;9;2;"Convenience";"Not applicable";"Online"
234;"01/07/2026 05:06:37";19;"Male";"Student";"United Kingdom";"Under $1,000";"Online only";"Occasionally";"Brand websites";"Laptop";"Clothing";1;2;"5";3;"No";3;"Sometimes";"3";"Never";"Under $50";"Digital wallet";"No, never";9;8;3;"Convenience";"No delivery wait";"Online"
236;"18/08/2026 02:38:27";20;"Male";"Student";"Kenya";"Under $1,000";"Equal mix";"Often";"Physical stores";"Smartphone";"Clothing";2;4;"5";5;"No";4;"Sometimes";"4";"Often";"Under $50";"Debit Card";"Yes, regularly";6;5;1;"Unknown";"No delivery wait";"Online"
237;"10/07/2026 17:40:14";19;"Female";"Student";"India";"Under $1,000";"Online only";"Rarely";"Brand websites";"Smartphone";"miscellaneous";2;3;"5";4;"No";4;"Often";"4";"Never";"Under $50";"Digital wallet";"Yes, regularly";7;6;2;"Not applicable";"No delivery wait";"Online"
238;"06/07/2026 04:05:59";19;"Male";"Student";"Turkiye";"Under $1,000";"Equal mix";"Often";"Global marketplace (Amazon etc.)";"Smartphone";"Groceries";2;2;"4";3;"No";2;"Often";"1";"Never";"Under $50";"Digital wallet";"No, never";7;5;1;"Convenience";"Not applicable";"Equal / both"
240;"15/08/2026 18:37:52";16;"Male";"Student";"United Kingdom";"Under $1,000";"Online only";"Always";"Physical stores";"Laptop";"miscellaneous";4;3;"5";5;"No";2;"Sometimes";"1";"Sometimes";"$500+";"Digital wallet";"No, never";7;7;1;"Better prices";"Not applicable";"Equal / both"
241;"03/08/2026 14:20:25";31;"Female";"Employed full-time";"Nigeria";"Under $1,000";"Equal mix";"Often";"Physical stores";"Smartphone";"Groceries";5;4;"2";4;"No";5;"Always";"4";"Often";"$50-150";"Debit Card";"Yes, occasionally";2;4;4;"More variety";"Try product before buying";"Offline"
242;"13/07/2026 16:58:02";48;"Female";"Employed full-time";"United States";"Under $1,000";"Online only";"Rarely";"Local e-commerce";"Laptop";"Groceries";4;1;"4";5;"No";3;"Often";"1";"Sometimes";"Under $50";"Debit Card";"No, never";8;8;1;"Convenience";"No delivery wait";"Equal / both"
246;"27/06/2026 11:24:00";21;"Male";"Student";"United States";"Under $1,000";"Online only";"Always";"Brand websites";"Smartphone";"Clothing";4;3;"4";4;"No";4;"Often";"5";"Sometimes";"Under $50";"Credit Card";"Yes, occasionally";9;6;1;"Convenience";"No delivery wait";"Online"
247;"18/08/2026 02:54:22";20;"Male";"Student";"India";"Under $1,000";"Equal mix";"Always";"Global marketplace (Amazon etc.)";"Smartphone";"Clothing";4;5;"";5;"No";4;"Often";"3";"Never";"Under $50";"Digital wallet";"Yes, occasionally";5;5;2;"Convenience";"No delivery wait";"Offline"
250;"01/08/2026 03:14:41";20;"Female";"Student";"Pakistan";"$1,000-3,000";"In-store only";"Occasionally";"Global marketplace (Amazon etc.)";"Smartphone";"Electronics";2;2;"4";3;"No";2;"Often";"4";"Never";"$50-150";"Digital wallet";"No, never";6;3;3;"Convenience";"Not applicable";"Offline"
251;"22/08/2026 22:37:04";18;"Female";"Student";"United Kingdom";"Under $1,000";"Equal mix";"Often";"Local e-commerce";"Smartphone";"Clothing";3;2;"4";4;"No";2;"Always";"4";"Never";"Under $50";"Debit Card";"Yes, occasionally";6;6;2;"Convenience";"No delivery wait";"Online"
253;"22/08/2026 10:02:07";19;"Male";"Student";"India";"Under $1,000";"Online only";"Occasionally";"Global marketplace (Amazon etc.)";"Smartphone";"Clothing";2;4;"4";5;"No";2;"Sometimes";"2";"Never";"Under $50";"Digital wallet";"No, never";8;4;3;"Convenience";"Try product before buying";"Online"
255;"27/07/2026 11:28:21";49;"Male";"Employed full-time";"Germany";"$3,000-6,000";"Online only";"Occasionally";"Local e-commerce";"Smartphone";"Books";2;1;"4";4;"No";1;"Unknown";"1";"Sometimes";"$500+";"Credit Card";"Yes, occasionally";9;3;1;"Convenience";"No delivery wait";"Online"
256;"06/08/2026 17:36:02";17;"Male";"Student";"Egypt";"Under $1,000";"Equal mix";"Occasionally";"Brand websites";"Smartphone";"Clothing";5;5;"4";1;"No";4;"Always";"";"Never";"$300-500";"Credit Card";"Yes, occasionally";7;3;2;"More variety";"Trust";"Online"
257;"31/07/2026 17:40:03";34;"Male";"Employed full-time";"Brazil";"$3,000-6,000";"Online only";"Occasionally";"Local e-commerce";"Laptop";"Groceries";4;3;"5";3;"No";3;"Sometimes";"1";"Often";"$150-300";"Credit Card";"Yes, occasionally";8;10;3;"More variety";"No delivery wait";"Online"
258;"13/08/2026 20:24:33";33;"Prefer not to say";"Employed part-time";"Kenya";"$3,000-6,000";"Online only";"Often";"Brand websites";"Smartphone";"Groceries";4;3;"";5;"No";2;"Never";"2";"Sometimes";"$300-500";"Debit Card";"Yes, regularly";7;9;1;"More variety";"No delivery wait";"Online"
259;"23/06/2026 01:51:30";22;"Male";"Employed part-time";"Vietnam";"$1,000-3,000";"Equal mix";"Occasionally";"Local e-commerce";"Smartphone";"Clothing";3;4;"4";3;"Yes";3;"Often";"3";"Never";"$50-150";"Digital wallet";"No, never";6;7;2;"Better prices";"No delivery wait";"Offline"
260;"17/08/2026 03:04:59";31;"Female";"Employed part-time";"Poland";"Under $1,000";"Online only";"Often";"Local e-commerce";"Smartphone";"miscellaneous";4;5;"4";5;"No";3;"Sometimes";"3";"Sometimes";"Under $50";"Credit Card";"No, never";6;6;4;"More variety";"Try product before buying";"Online"
261;"23/08/2026 17:48:23";22;"Prefer not to say";"Student";"Brazil";"Under $1,000";"Online only";"Occasionally";"Brand websites";"Smartphone";"Unknown";4;5;"2";3;"No";3;"Never";"5";"Never";"Under $50";"Digital wallet";"Yes, occasionally";5;5;2;"Convenience";"No delivery wait";"Equal / both"
263;"07/07/2026 00:57:36";21;"Male";"Student";"United Kingdom";"$1,000-3,000";"Online only";"Occasionally";"Local e-commerce";"Smartphone";"Clothing";4;3;"4";3;"Yes";4;"Sometimes";"2";"Sometimes";"$150-300";"Cash";"No, never";9;6;3;"More variety";"No delivery wait";"Online"
264;"13/08/2026 13:23:02";17;"Female";"Student";"Indonesia";"Unknown";"In-store only";"Often";"Physical stores";"Smartphone";"Electronics";2;5;"5";3;"No";2;"Sometimes";"3";"Never";"Under $50";"Credit Card";"No, never";9;9;2;"Convenience";"Not applicable";"Offline"
265;"28/07/2026 10:29:36";28;"Female";"Employed part-time";"United States";"$1,000-3,000";"Online only";"Occasionally";"Local e-commerce";"Smartphone";"Clothing";1;3;"4";5;"No";3;"Often";"1";"Sometimes";"$50-150";"Digital wallet";"Yes, regularly";6;8;1;"More variety";"Try product before buying";"Online"
266;"14/07/2026 14:46:00";30;"Female";"Self-employed";"United States";"$3,000-6,000";"In-store only";"Occasionally";"Unknown";"Smartphone";"Books";2;3;"5";5;"No";4;"Never";"1";"Sometimes";"$500+";"Digital wallet";"No, never";10;7;1;"More variety";"Not applicable";"Offline"
267;"16/08/2026 17:06:58";36;"Male";"Self-employed";"Vietnam";"$1,000-3,000";"Equal mix";"Often";"Local e-commerce";"Smartphone";"Electronics";2;2;"5";5;"Yes";3;"Sometimes";"2";"Often";"$150-300";"Credit Card";"No, never";8;4;3;"Better prices";"Not applicable";"Offline"
268;"09/08/2026 05:06:07";30;"Prefer not to say";"Self-employed";"Indonesia";"Under $1,000";"Equal mix";"Occasionally";"Brand websites";"Smartphone";"Groceries";3;3;"5";5;"No";3;"Never";"4";"Never";"Under $50";"Credit Card";"No, never";7;10;3;"More variety";"No delivery wait";"Equal / both"
269;"20/07/2026 17:24:47";34;"Male";"Unemployed";"United States";"Under $1,000";"Online only";"Occasionally";"Global marketplace (Amazon etc.)";"Laptop";"Clothing";2;3;"5";5;"No";3;"Sometimes";"2";"Sometimes";"$150-300";"Credit Card";"Unknown";6;7;2;"More variety";"Not applicable";"Online"
271;"30/06/2026 20:18:28";20;"Male";"Student";"Mexico";"$6,000+";"Equal mix";"Often";"Local e-commerce";"Laptop";"Clothing";3;5;"4";3;"Yes";3;"Often";"2";"Never";"$500+";"Credit Card";"No, never";10;5;3;"More variety";"Unknown";"Equal / both"
272;"28/06/2026 19:17:11";21;"Female";"Student";"Mexico";"Under $1,000";"Equal mix";"Often";"Global marketplace (Amazon etc.)";"Smartphone";"Beauty & personal care";5;2;"5";4;"No";3;"Always";"3";"Sometimes";"$150-300";"Debit Card";"No, never";6;7;3;"More variety";"No delivery wait";"Online"
273;"24/06/2026 12:36:30";18;"Female";"Student";"India";"$6,000+";"Online only";"Often";"Global marketplace (Amazon etc.)";"Tablet";"Clothing";4;5;"5";5;"No";4;"Sometimes";"2";"Unknown";"$500+";"Credit Card";"No, never";8;8;3;"Convenience";"Try product before buying";"Equal / both"
274;"11/07/2026 19:19:59";22;"Male";"Student";"United Kingdom";"Under $1,000";"Online only";"Often";"Global marketplace (Amazon etc.)";"Laptop";"Electronics";4;2;"5";5;"No";2;"Sometimes";"2";"Sometimes";"Under $50";"Digital wallet";"Yes, regularly";10;7;3;"Unknown";"No delivery wait";"Online"
275;"21/06/2026 07:32:55";30;"Male";"Self-employed";"United States";"$1,000-3,000";"Equal mix";"Occasionally";"Brand websites";"Tablet";"Electronics";5;5;"4";5;"Yes";4;"Sometimes";"4";"Never";"Under $50";"Credit Card";"No, never";7;5;2;"Convenience";"No delivery wait";"Online"
277;"06/08/2026 20:08:35";30;"Male";"Employed full-time";"Poland";"$1,000-3,000";"Equal mix";"Often";"Physical stores";"Smartphone";"Clothing";4;4;"2";4;"No";3;"Never";"3";"Sometimes";"$50-150";"Debit Card";"Yes, regularly";6;7;1;"Better prices";"No delivery wait";"Equal / both"
278;"07/07/2026 05:39:16";16;"Female";"Student";"India";"Under $1,000";"Online only";"Occasionally";"Local e-commerce";"Smartphone";"Clothing";3;3;"5";2;"Yes";4;"Often";"2";"Often";"$50-150";"Debit Card";"No, never";10;5;2;"Unknown";"Trust";"Online"
279;"28/07/2026 12:28:48";22;"Male";"Student";"Mexico";"Under $1,000";"Online only";"Always";"Physical stores";"Smartphone";"Clothing";5;5;"";5;"No";5;"Sometimes";"5";"Sometimes";"$50-150";"Debit Card";"Yes, occasionally";4;4;3;"Convenience";"Try product before buying";"Online"
280;"21/06/2026 02:35:40";22;"Female";"Student";"United Kingdom";"Under $1,000";"Online only";"Occasionally";"Brand websites";"Laptop";"miscellaneous";3;2;"5";2;"Unknown";3;"Sometimes";"1";"Sometimes";"Under $50";"Cash";"Yes, occasionally";7;7;2;"More variety";"Not applicable";"Online"
284;"18/07/2026 20:34:50";31;"Male";"Employed full-time";"Philippines";"$6,000+";"Equal mix";"Occasionally";"Global marketplace (Amazon etc.)";"Smartphone";"Clothing";4;3;"5";5;"No";3;"Often";"3";"Never";"$50-150";"Debit Card";"No, never";8;8;1;"Unknown";"No delivery wait";"Online"
286;"08/07/2026 23:55:25";38;"Male";"Employed full-time";"Egypt";"$1,000-3,000";"Online only";"Rarely";"Brand websites";"Smartphone";"Clothing";3;2;"4";5;"No";2;"Often";"2";"Sometimes";"$150-300";"Credit Card";"No, never";6;9;1;"More variety";"Trust";"Online"
289;"25/07/2026 04:12:55";20;"Male";"Student";"India";"$1,000-3,000";"Online only";"Always";"Physical stores";"Laptop";"Clothing";2;2;"4";5;"No";3;"Often";"2";"Often";"$300-500";"Digital wallet";"Yes, occasionally";4;6;3;"Better prices";"Trust";"Online"
290;"23/08/2026 17:08:37";18;"Female";"Student";"Egypt";"Under $1,000";"Online only";"Occasionally";"Global marketplace (Amazon etc.)";"Smartphone";"Clothing";4;5;"5";4;"Yes";4;"Unknown";"4";"Never";"Under $50";"Credit Card";"Yes, regularly";7;7;1;"More variety";"Try product before buying";"Online"
292;"21/06/2026 02:20:37";22;"Prefer not to say";"Student";"South Africa";"Under $1,000";"Equal mix";"Occasionally";"Local e-commerce";"Smartphone";"miscellaneous";3;4;"5";5;"Yes";2;"Unknown";"2";"Sometimes";"$150-300";"Digital wallet";"Yes, occasionally";10;6;1;"Convenience";"Trust";"Online"
293;"11/07/2026 02:18:34";17;"Male";"Student";"Mexico";"Under $1,000";"Online only";"Always";"Brand websites";"Tablet";"Clothing";4;3;"5";5;"No";3;"Sometimes";"2";"Sometimes";"$50-150";"Digital wallet";"Yes, occasionally";7;8;1;"Better prices";"Trust";"Equal / both"
294;"23/06/2026 12:23:22";19;"Female";"Student";"United States";"$1,000-3,000";"Equal mix";"Always";"Physical stores";"Laptop";"Clothing";3;4;"4";5;"No";3;"Often";"2";"Never";"Under $50";"Digital wallet";"No, never";8;6;3;"More variety";"No delivery wait";"Offline"
295;"26/07/2026 19:07:13";21;"Male";"Student";"United States";"Under $1,000";"Equal mix";"Often";"Local e-commerce";"Smartphone";"Clothing";2;1;"5";3;"No";1;"Unknown";"4";"Often";"Under $50";"Debit Card";"No, never";10;10;3;"Better prices";"Try product before buying";"Equal / both"
296;"28/06/2026 05:09:10";32;"Female";"Employed full-time";"Kenya";"$1,000-3,000";"Equal mix";"Occasionally";"Global marketplace (Amazon etc.)";"Smartphone";"Groceries";2;2;"4";4;"No";1;"Never";"3";"Never";"Under $50";"Debit Card";"Yes, regularly";9;4;4;"More variety";"No delivery wait";"Online"
297;"25/07/2026 12:02:12";30;"Male";"Employed part-time";"Vietnam";"$3,000-6,000";"In-store only";"Occasionally";"Physical stores";"Laptop";"Books";1;1;"4";5;"No";2;"Often";"2";"Often";"$150-300";"Cash";"No, never";5;6;2;"Better prices";"Trust";"Offline"
298;"01/08/2026 22:29:02";16;"Female";"Student";"Brazil";"Under $1,000";"Equal mix";"Often";"Brand websites";"Laptop";"Groceries";3;3;"3";5;"No";2;"Never";"2";"Sometimes";"Under $50";"Debit Card";"No, never";8;8;1;"More variety";"Trust";"Offline"
300;"26/06/2026 02:47:08";47;"Male";"Employed full-time";"South Africa";"Unknown";"Unknown";"Occasionally";"Global marketplace (Amazon etc.)";"Smartphone";"Clothing";1;1;"5";2;"Yes";2;"Often";"1";"Never";"$50-150";"Cash";"No, never";6;7;3;"More variety";"No delivery wait";"Equal / both"
301;"18/07/2026 16:28:24";19;"Female";"Student";"Indonesia";"Under $1,000";"Equal mix";"Often";"Global marketplace (Amazon etc.)";"Smartphone";"Clothing";4;5;"5";2;"No";4;"Sometimes";"4";"Never";"Under $50";"Credit Card";"Yes, regularly";5;8;1;"More variety";"No delivery wait";"Offline"
306;"02/08/2026 21:50:51";21;"Male";"Student";"India";"$1,000-3,000";"Online only";"Occasionally";"Physical stores";"Smartphone";"Unknown";2;2;"5";2;"No";2;"Never";"5";"Sometimes";"$150-300";"Digital wallet";"Yes, occasionally";7;6;3;"Better prices";"Trust";"Online"
309;"20/08/2026 08:44:51";31;"Male";"Employed part-time";"Indonesia";"$1,000-3,000";"Equal mix";"Occasionally";"Physical stores";"Laptop";"Clothing";2;4;"4";5;"Yes";5;"Sometimes";"3";"Often";"$150-300";"Credit Card";"No, never";6;5;3;"More variety";"Trust";"Equal / both"
311;"06/08/2026 08:54:22";32;"Female";"Self-employed";"Nigeria";"$6,000+";"Equal mix";"Occasionally";"Brand websites";"Smartphone";"Groceries";2;4;"5";4;"No";2;"Always";"3";"Sometimes";"$150-300";"Unknown";"Yes, regularly";9;4;2;"More variety";"No delivery wait";"Equal / both"
312;"04/07/2026 13:38:37";30;"Prefer not to say";"Employed part-time";"Brazil";"Under $1,000";"Equal mix";"Occasionally";"Local e-commerce";"Laptop";"Clothing";3;4;"3";3;"No";3;"Sometimes";"2";"Sometimes";"Under $50";"Cash";"Yes, occasionally";8;4;3;"Convenience";"Trust";"Offline"
314;"12/07/2026 05:52:58";49;"Female";"Self-employed";"Poland";"$3,000-6,000";"Unknown";"Rarely";"Global marketplace (Amazon etc.)";"Smartphone";"Clothing";2;2;"5";5;"Yes";2;"Often";"2";"Never";"Under $50";"Credit Card";"No, never";5;4;2;"Convenience";"Try product before buying";"Online"
317;"29/07/2026 07:38:25";48;"Female";"Employed full-time";"India";"$1,000-3,000";"Equal mix";"Occasionally";"Brand websites";"Tablet";"Clothing";3;4;"3";5;"No";1;"Sometimes";"2";"Sometimes";"$300-500";"Digital wallet";"No, never";9;4;3;"More variety";"Not applicable";"Online"
318;"29/06/2026 14:02:05";23;"Female";"Employed full-time";"India";"$6,000+";"In-store only";"Always";"Brand websites";"Laptop";"Groceries";3;3;"5";4;"No";4;"Sometimes";"3";"Often";"$150-300";"Digital wallet";"Yes, regularly";9;6;3;"More variety";"No delivery wait";"Equal / both"
319;"11/08/2026 15:21:30";20;"Prefer not to say";"Student";"Egypt";"$1,000-3,000";"Unknown";"Occasionally";"Global marketplace (Amazon etc.)";"Smartphone";"Clothing";5;2;"4";3;"No";3;"Often";"2";"Never";"Under $50";"Unknown";"No, never";5;6;2;"Better prices";"Unknown";"Online"
320;"27/06/2026 23:42:27";24;"Male";"Employed part-time";"Egypt";"Under $1,000";"In-store only";"Occasionally";"Local e-commerce";"Smartphone";"Clothing";2;1;"5";5;"No";3;"Never";"1";"Never";"Under $50";"Debit Card";"Yes, occasionally";2;5;3;"More variety";"Unknown";"Offline"
321;"11/08/2026 16:41:39";27;"Male";"Employed part-time";"India";"$3,000-6,000";"In-store only";"Always";"Physical stores";"Smartphone";"miscellaneous";3;1;"4";5;"No";1;"Sometimes";"3";"Sometimes";"$50-150";"Digital wallet";"No, never";8;3;3;"More variety";"Trust";"Offline"
324;"30/07/2026 23:27:22";26;"Prefer not to say";"Employed part-time";"Brazil";"Under $1,000";"In-store only";"Always";"Local e-commerce";"Laptop";"Electronics";3;5;"4";4;"No";3;"Often";"3";"Sometimes";"$300-500";"Debit Card";"Unknown";8;5;3;"Better prices";"Trust";"Offline"
325;"15/07/2026 18:10:36";21;"Female";"Student";"Poland";"Under $1,000";"Online only";"Often";"Global marketplace (Amazon etc.)";"Smartphone";"Beauty & personal care";1;3;"5";4;"No";3;"Sometimes";"3";"Never";"$50-150";"Credit Card";"No, never";9;6;2;"More variety";"Not applicable";"Online"
326;"04/08/2026 10:36:35";21;"Male";"Student";"Turkiye";"Under $1,000";"Online only";"Often";"Local e-commerce";"Smartphone";"Clothing";4;2;"3";5;"No";3;"Often";"";"Often";"Under $50";"Debit Card";"No, never";9;2;2;"Convenience";"Not applicable";"Online"
328;"19/08/2026 05:19:51";34;"Male";"Employed full-time";"India";"$3,000-6,000";"Online only";"Occasionally";"Local e-commerce";"Tablet";"Clothing";3;3;"3";4;"No";4;"Sometimes";"1";"Sometimes";"$150-300";"Cash";"Yes, regularly";3;4;4;"More variety";"Try product before buying";"Online"
329;"06/07/2026 00:47:36";44;"Male";"Employed full-time";"Turkiye";"$1,000-3,000";"Equal mix";"Often";"Local e-commerce";"Smartphone";"Clothing";2;2;"4";5;"Yes";1;"Unknown";"3";"Often";"$50-150";"Cash";"Yes, occasionally";7;5;1;"Better prices";"No delivery wait";"Equal / both"
330;"20/08/2026 18:55:26";30;"Male";"Employed full-time";"Indonesia";"$1,000-3,000";"Online only";"Always";"Brand websites";"Laptop";"miscellaneous";4;3;"5";4;"No";4;"Often";"2";"Sometimes";"Under $50";"Debit Card";"Yes, regularly";5;9;2;"Convenience";"Try product before buying";"Online"
331;"16/08/2026 16:02:08";21;"Male";"Employed part-time";"United States";"$1,000-3,000";"Equal mix";"Occasionally";"Physical stores";"Laptop";"Beauty & personal care";3;3;"";5;"No";5;"Sometimes";"1";"Sometimes";"$50-150";"Digital wallet";"No, never";5;5;2;"Convenience";"No delivery wait";"Equal / both"
333;"20/08/2026 01:53:00";22;"Male";"Student";"Kenya";"$1,000-3,000";"Online only";"Occasionally";"Unknown";"Smartphone";"Clothing";3;3;"5";5;"No";4;"Never";"4";"Never";"$50-150";"Digital wallet";"Yes, occasionally";8;4;3;"Convenience";"Trust";"Equal / both"
334;"11/07/2026 13:11:38";38;"Male";"Employed full-time";"United Kingdom";"$1,000-3,000";"Equal mix";"Often";"Brand websites";"Tablet";"Clothing";2;3;"5";5;"No";2;"Sometimes";"3";"Often";"Unknown";"Digital wallet";"Yes, occasionally";8;5;3;"More variety";"Not applicable";"Online"
335;"30/06/2026 03:56:26";20;"Male";"Student";"Mexico";"Under $1,000";"In-store only";"Occasionally";"Brand websites";"Laptop";"Groceries";3;5;"4";4;"No";4;"Sometimes";"3";"Sometimes";"$150-300";"Cash";"Yes, occasionally";7;6;2;"More variety";"Trust";"Offline"
339;"24/08/2026 03:52:28";33;"Female";"Employed full-time";"India";"Unknown";"Equal mix";"Often";"Physical stores";"Smartphone";"Clothing";2;3;"5";5;"No";3;"Always";"3";"Sometimes";"$150-300";"Digital wallet";"No, never";7;7;3;"Better prices";"Try product before buying";"Offline"
340;"29/06/2026 13:50:22";18;"Male";"Student";"United States";"Under $1,000";"Online only";"Often";"Global marketplace (Amazon etc.)";"Smartphone";"Clothing";5;4;"5";5;"Yes";5;"Often";"1";"Never";"$150-300";"Credit Card";"No, never";9;8;2;"More variety";"Try product before buying";"Online"
344;"24/08/2026 20:59:32";37;"Female";"Employed full-time";"Brazil";"Under $1,000";"Online only";"Always";"Local e-commerce";"Smartphone";"Books";2;3;"3";3;"No";1;"Never";"1";"Often";"Unknown";"Debit Card";"No, never";6;9;2;"More variety";"No delivery wait";"Online"
345;"15/07/2026 04:40:02";31;"Male";"Employed full-time";"United States";"Under $1,000";"Online only";"Occasionally";"Brand websites";"Smartphone";"Groceries";1;3;"4";2;"No";3;"Sometimes";"3";"Often";"Under $50";"Digital wallet";"No, never";6;7;1;"More variety";"Try product before buying";"Online"
347;"12/08/2026 20:24:05";24;"Female";"Employed part-time";"India";"$1,000-3,000";"Online only";"Often";"Physical stores";"Smartphone";"Clothing";3;5;"4";5;"No";4;"Always";"4";"Never";"$50-150";"Cash";"No, never";5;6;2;"More variety";"Trust";"Unknown"
349;"10/08/2026 20:06:00";22;"Male";"Student";"Nigeria";"Under $1,000";"Online only";"Always";"Physical stores";"Smartphone";"Groceries";2;5;"5";4;"Yes";5;"Often";"4";"Sometimes";"$300-500";"Cash";"No, never";7;8;3;"More variety";"Trust";"Online"
353;"18/08/2026 18:55:26";32;"Male";"Employed full-time";"Pakistan";"$1,000-3,000";"In-store only";"Often";"Brand websites";"Laptop";"Books";4;3;"2";4;"No";4;"Often";"2";"Sometimes";"$300-500";"Digital wallet";"Yes, occasionally";8;7;2;"Unknown";"Try product before buying";"Equal / both"
354;"12/08/2026 17:43:18";16;"Female";"Student";"Vietnam";"Under $1,000";"In-store only";"Occasionally";"Physical stores";"Laptop";"Electronics";2;2;"5";5;"No";2;"Often";"2";"Sometimes";"Under $50";"Digital wallet";"No, never";8;8;4;"Unknown";"No delivery wait";"Offline"
355;"02/07/2026 21:30:28";18;"Female";"Student";"United States";"Unknown";"In-store only";"Occasionally";"Physical stores";"Tablet";"Unknown";1;2;"5";3;"No";4;"Often";"2";"Never";"Under $50";"Debit Card";"No, never";8;8;1;"More variety";"Try product before buying";"Equal / both"
358;"21/07/2026 08:48:58";21;"Female";"Student";"United States";"Under $1,000";"Equal mix";"Often";"Local e-commerce";"Laptop";"Clothing";3;4;"5";4;"No";3;"Never";"3";"Sometimes";"Under $50";"Credit Card";"Yes, regularly";7;5;3;"Unknown";"Trust";"Equal / both"
359;"19/07/2026 15:01:33";27;"Prefer not to say";"Employed full-time";"India";"Under $1,000";"Equal mix";"Often";"Global marketplace (Amazon etc.)";"Smartphone";"Electronics";5;3;"4";3;"No";3;"Sometimes";"2";"Never";"Under $50";"Cash";"No, never";7;9;2;"Convenience";"Trust";"Online"
360;"15/07/2026 23:56:59";35;"Male";"Self-employed";"Brazil";"$1,000-3,000";"Online only";"Always";"Local e-commerce";"Laptop";"Clothing";2;2;"2";3;"No";3;"Sometimes";"3";"Sometimes";"$500+";"Cash";"No, never";8;5;3;"More variety";"No delivery wait";"Online"
362;"02/08/2026 11:51:14";24;"Prefer not to say";"Self-employed";"United States";"$1,000-3,000";"Online only";"Occasionally";"Brand websites";"Laptop";"Clothing";3;5;"3";3;"No";2;"Sometimes";"3";"Sometimes";"Under $50";"Digital wallet";"No, never";7;4;3;"Convenience";"No delivery wait";"Online"
363;"28/07/2026 13:22:14";21;"Male";"Student";"Nigeria";"$1,000-3,000";"Online only";"Often";"Physical stores";"Smartphone";"Unknown";3;2;"3";4;"No";2;"Sometimes";"2";"Unknown";"$300-500";"Credit Card";"No, never";9;6;1;"Convenience";"No delivery wait";"Equal / both"
364;"23/06/2026 18:47:15";21;"Female";"Employed full-time";"United States";"$6,000+";"Unknown";"Occasionally";"Local e-commerce";"Laptop";"Groceries";5;3;"4";4;"No";1;"Sometimes";"3";"Sometimes";"$150-300";"Digital wallet";"No, never";7;5;1;"More variety";"Try product before buying";"Online"
365;"13/07/2026 14:03:59";39;"Male";"Unemployed";"Mexico";"Under $1,000";"Online only";"Occasionally";"Brand websites";"Smartphone";"Books";2;2;"5";4;"Yes";2;"Never";"3";"Never";"Under $50";"Digital wallet";"No, never";6;2;1;"Convenience";"No delivery wait";"Online"
366;"14/07/2026 18:10:31";32;"Female";"Self-employed";"Germany";"$3,000-6,000";"In-store only";"Often";"Global marketplace (Amazon etc.)";"Smartphone";"Groceries";3;3;"4";4;"Unknown";2;"Always";"3";"Often";"$150-300";"Digital wallet";"No, never";7;4;2;"More variety";"Not applicable";"Offline"
367;"01/07/2026 21:44:22";23;"Prefer not to say";"Self-employed";"Egypt";"Under $1,000";"Equal mix";"Occasionally";"Physical stores";"Laptop";"Clothing";2;2;"3";3;"No";2;"Sometimes";"4";"Sometimes";"$50-150";"Digital wallet";"No, never";7;5;3;"More variety";"Not applicable";"Online"
369;"18/07/2026 18:44:49";36;"Female";"Employed full-time";"Nigeria";"Under $1,000";"Equal mix";"Often";"Brand websites";"Smartphone";"Electronics";3;4;"3";5;"No";4;"Never";"3";"Often";"$150-300";"Digital wallet";"No, never";6;10;2;"More variety";"Trust";"Equal / both"
372;"16/08/2026 15:49:13";26;"Male";"Employed part-time";"Brazil";"Under $1,000";"Equal mix";"Occasionally";"Local e-commerce";"Smartphone";"Clothing";2;3;"5";2;"No";3;"Never";"3";"Sometimes";"$150-300";"Credit Card";"No, never";10;5;2;"More variety";"Not applicable";"Offline"
373;"17/07/2026 22:12:23";20;"Female";"Student";"Kenya";"$1,000-3,000";"Equal mix";"Often";"Global marketplace (Amazon etc.)";"Smartphone";"Electronics";2;4;"5";3;"No";5;"Sometimes";"3";"Often";"$50-150";"Digital wallet";"Yes, occasionally";8;6;3;"More variety";"Trust";"Offline"
374;"09/08/2026 16:11:17";21;"Male";"Student";"United States";"Under $1,000";"In-store only";"Always";"Global marketplace (Amazon etc.)";"Smartphone";"Books";2;1;"5";4;"No";3;"Sometimes";"1";"Never";"Under $50";"Debit Card";"No, never";8;6;2;"Better prices";"No delivery wait";"Equal / both"
375;"12/07/2026 22:56:26";18;"Female";"Employed part-time";"Indonesia";"$1,000-3,000";"Online only";"Unknown";"Global marketplace (Amazon etc.)";"Laptop";"Beauty & personal care";4;2;"5";4;"No";3;"Never";"1";"Never";"Under $50";"Digital wallet";"Yes, occasionally";8;3;1;"More variety";"Trust";"Unknown"
376;"15/08/2026 21:00:58";34;"Male";"Employed full-time";"Indonesia";"$3,000-6,000";"Unknown";"Rarely";"Brand websites";"Smartphone";"Electronics";3;3;"4";5;"No";2;"Always";"";"Never";"$150-300";"Digital wallet";"No, never";7;9;4;"Better prices";"No delivery wait";"Online"
378;"28/07/2026 23:01:06";20;"Male";"Student";"Pakistan";"$1,000-3,000";"Online only";"Rarely";"Local e-commerce";"Laptop";"Books";1;2;"3";4;"No";2;"Never";"1";"Sometimes";"$50-150";"Cash";"Yes, occasionally";6;5;3;"More variety";"No delivery wait";"Equal / both"
379;"04/08/2026 11:17:19";30;"Male";"Employed full-time";"United Kingdom";"Unknown";"Equal mix";"Occasionally";"Brand websites";"Laptop";"miscellaneous";3;4;"4";4;"No";5;"Never";"1";"Sometimes";"Unknown";"Digital wallet";"No, never";7;9;1;"Better prices";"Unknown";"Online"
381;"24/06/2026 23:15:24";25;"Male";"Employed full-time";"Slovakia";"$3,000-6,000";"In-store only";"Often";"Physical stores";"Smartphone";"Electronics";4;4;"5";5;"No";4;"Sometimes";"2";"Often";"$150-300";"Credit Card";"Yes, occasionally";9;5;3;"Convenience";"No delivery wait";"Offline"
382;"19/07/2026 19:27:04";21;"Male";"Employed full-time";"Turkiye";"$3,000-6,000";"In-store only";"Occasionally";"Global marketplace (Amazon etc.)";"Smartphone";"Groceries";4;3;"2";5;"No";3;"Often";"4";"Unknown";"$300-500";"Digital wallet";"No, never";6;4;3;"More variety";"Try product before buying";"Offline"
383;"25/06/2026 14:03:15";23;"Male";"Student";"Philippines";"Under $1,000";"Equal mix";"Occasionally";"Global marketplace (Amazon etc.)";"Tablet";"Books";2;3;"4";4;"No";4;"Never";"1";"Sometimes";"Under $50";"Debit Card";"No, never";5;7;1;"More variety";"Try product before buying";"Equal / both"
386;"31/07/2026 05:45:23";33;"Male";"Employed full-time";"United States";"Under $1,000";"Equal mix";"Occasionally";"Local e-commerce";"Laptop";"Unknown";2;3;"5";4;"No";2;"Sometimes";"2";"Sometimes";"Under $50";"Digital wallet";"Yes, regularly";7;8;2;"Convenience";"Trust";"Offline"
388;"31/07/2026 21:28:13";27;"Female";"Employed part-time";"Philippines";"$1,000-3,000";"Equal mix";"Rarely";"Physical stores";"Laptop";"Electronics";3;2;"3";5;"No";2;"Never";"4";"Sometimes";"$150-300";"Digital wallet";"Yes, regularly";8;2;2;"Convenience";"Try product before buying";"Online"
389;"24/06/2026 07:47:13";22;"Male";"Student";"Mexico";"Under $1,000";"Equal mix";"Occasionally";"Global marketplace (Amazon etc.)";"Laptop";"Clothing";5;5;"4";3;"No";5;"Unknown";"2";"Never";"$50-150";"Cash";"No, never";9;10;2;"More variety";"No delivery wait";"Equal / both"
391;"01/08/2026 13:00:37";18;"Female";"Student";"Nigeria";"Under $1,000";"In-store only";"Often";"Local e-commerce";"Smartphone";"Books";3;3;"5";3;"No";1;"Often";"2";"Sometimes";"Under $50";"Credit Card";"Yes, occasionally";10;7;1;"Convenience";"Try product before buying";"Equal / both"
392;"27/07/2026 20:05:49";22;"Male";"Student";"United Kingdom";"$3,000-6,000";"Online only";"Occasionally";"Local e-commerce";"Smartphone";"Groceries";5;5;"4";5;"No";4;"Always";"5";"Never";"$50-150";"Digital wallet";"No, never";5;6;3;"More variety";"Trust";"Equal / both"
393;"06/07/2026 16:20:30";21;"Male";"Student";"United States";"$1,000-3,000";"Online only";"Often";"Global marketplace (Amazon etc.)";"Laptop";"Clothing";1;4;"5";4;"No";2;"Never";"3";"Never";"$50-150";"Credit Card";"Yes, occasionally";7;9;3;"Better prices";"Try product before buying";"Equal / both"
395;"03/07/2026 06:32:57";21;"Male";"Student";"Turkiye";"Under $1,000";"Online only";"Occasionally";"Physical stores";"Tablet";"Clothing";4;3;"3";4;"No";4;"Sometimes";"3";"Never";"Under $50";"Credit Card";"No, never";7;6;2;"More variety";"Try product before buying";"Online"
398;"12/08/2026 09:09:12";21;"Male";"Employed full-time";"India";"$1,000-3,000";"Equal mix";"Occasionally";"Global marketplace (Amazon etc.)";"Smartphone";"Clothing";4;3;"4";3;"No";1;"Always";"2";"Often";"$50-150";"Cash";"No, never";7;1;2;"Convenience";"Try product before buying";"Equal / both"
400;"03/07/2026 01:20:55";21;"Male";"Student";"Philippines";"Under $1,000";"In-store only";"Occasionally";"Local e-commerce";"Laptop";"Beauty & personal care";3;2;"5";3;"No";4;"Never";"1";"Never";"$50-150";"Debit Card";"No, never";8;6;2;"More variety";"Trust";"Unknown"
402;"21/06/2026 10:05:13";37;"Prefer not to say";"Employed full-time";"Colombia";"$3,000-6,000";"In-store only";"Occasionally";"Local e-commerce";"Laptop";"Books";3;5;"5";4;"No";4;"Often";"2";"Sometimes";"$150-300";"Debit Card";"No, never";10;7;1;"Convenience";"Try product before buying";"Offline"
404;"25/06/2026 21:44:10";21;"Female";"Student";"Pakistan";"Under $1,000";"Online only";"Occasionally";"Physical stores";"Laptop";"Clothing";2;3;"3";3;"No";4;"Sometimes";"1";"Never";"Under $50";"Debit Card";"Yes, regularly";7;10;2;"Convenience";"Trust";"Online"
405;"18/07/2026 09:10:28";19;"Female";"Student";"Nigeria";"$3,000-6,000";"In-store only";"Rarely";"Global marketplace (Amazon etc.)";"Smartphone";"Electronics";5;4;"4";3;"No";4;"Sometimes";"4";"Often";"$150-300";"Debit Card";"No, never";8;7;3;"More variety";"Try product before buying";"Offline"
407;"05/07/2026 04:25:44";38;"Female";"Employed full-time";"Germany";"$6,000+";"Online only";"Rarely";"Brand websites";"Smartphone";"Clothing";2;1;"4";4;"No";2;"Never";"3";"Never";"$50-150";"Digital wallet";"No, never";5;9;3;"Convenience";"Try product before buying";"Online"
412;"22/08/2026 17:56:16";24;"Female";"Student";"India";"$3,000-6,000";"Online only";"Occasionally";"Brand websites";"Smartphone";"Groceries";3;3;"3";3;"No";3;"Sometimes";"3";"Sometimes";"$300-500";"Digital wallet";"No, never";4;7;1;"Convenience";"Try product before buying";"Equal / both"
413;"04/08/2026 03:07:28";20;"Female";"Student";"Poland";"Under $1,000";"Equal mix";"Occasionally";"Physical stores";"Smartphone";"Groceries";4;4;"4";5;"No";4;"Unknown";"2";"Never";"Under $50";"Unknown";"Yes, occasionally";4;4;2;"More variety";"Trust";"Unknown"
415;"24/08/2026 05:15:22";35;"Male";"Employed full-time";"South Africa";"Under $1,000";"Unknown";"Occasionally";"Local e-commerce";"Smartphone";"Groceries";4;5;"4";4;"No";4;"Often";"4";"Never";"Under $50";"Digital wallet";"Yes, regularly";10;5;2;"More variety";"No delivery wait";"Online"
416;"29/07/2026 01:52:32";19;"Male";"Student";"Pakistan";"$3,000-6,000";"In-store only";"Always";"Local e-commerce";"Smartphone";"Groceries";2;3;"5";4;"No";4;"Sometimes";"4";"Sometimes";"$150-300";"Digital wallet";"No, never";10;6;2;"Convenience";"Try product before buying";"Offline"
418;"23/06/2026 22:33:29";22;"Female";"Student";"United Kingdom";"Under $1,000";"Equal mix";"Unknown";"Global marketplace (Amazon etc.)";"Smartphone";"Clothing";4;4;"4";3;"No";5;"Sometimes";"3";"Never";"Under $50";"Debit Card";"No, never";5;8;2;"Better prices";"Unknown";"Unknown"
420;"20/06/2026 16:56:55";20;"Male";"Student";"India";"Under $1,000";"Online only";"Occasionally";"Physical stores";"Smartphone";"Unknown";5;5;"5";4;"No";3;"Often";"4";"Never";"Under $50";"Credit Card";"No, never";6;6;3;"Convenience";"Try product before buying";"Online"
421;"14/08/2026 20:25:43";30;"Male";"Employed full-time";"India";"$3,000-6,000";"Online only";"Occasionally";"Physical stores";"Smartphone";"Groceries";5;4;"4";3;"No";5;"Sometimes";"3";"Sometimes";"$150-300";"Cash";"No, never";8;4;2;"Convenience";"No delivery wait";"Online"
422;"22/06/2026 13:08:41";45;"Female";"Employed full-time";"Indonesia";"$1,000-3,000";"Equal mix";"Occasionally";"Local e-commerce";"Smartphone";"Groceries";3;2;"4";4;"Yes";2;"Sometimes";"1";"Never";"$500+";"Debit Card";"No, never";5;7;2;"Convenience";"Unknown";"Equal / both"
425;"24/08/2026 17:18:46";19;"Male";"Student";"India";"Under $1,000";"Equal mix";"Always";"Local e-commerce";"Smartphone";"Clothing";3;3;"5";4;"No";4;"Often";"2";"Unknown";"Under $50";"Debit Card";"Yes, occasionally";7;3;3;"Unknown";"Try product before buying";"Online"
426;"15/08/2026 19:08:13";36;"Male";"Self-employed";"Vietnam";"$1,000-3,000";"In-store only";"Occasionally";"Local e-commerce";"Smartphone";"Clothing";3;4;"";3;"No";3;"Always";"1";"Never";"$50-150";"Debit Card";"No, never";7;4;2;"More variety";"Try product before buying";"Unknown"
429;"21/07/2026 01:23:17";18;"Male";"Student";"Philippines";"Under $1,000";"Online only";"Occasionally";"Global marketplace (Amazon etc.)";"Smartphone";"Clothing";2;3;"1";4;"No";3;"Sometimes";"1";"Never";"$50-150";"Debit Card";"No, never";4;6;1;"More variety";"Trust";"Online"
431;"18/08/2026 00:37:49";20;"Male";"Employed part-time";"South Africa";"$1,000-3,000";"Equal mix";"Always";"Local e-commerce";"Smartphone";"Clothing";3;4;"5";5;"No";4;"Sometimes";"3";"Often";"Under $50";"Digital wallet";"No, never";9;7;2;"Better prices";"Try product before buying";"Online"
432;"10/07/2026 06:39:07";29;"Female";"Self-employed";"Egypt";"$1,000-3,000";"Online only";"Often";"Brand websites";"Smartphone";"Groceries";2;1;"5";3;"No";1;"Always";"1";"Never";"Under $50";"Digital wallet";"Yes, occasionally";4;8;1;"Better prices";"No delivery wait";"Online"
433;"22/08/2026 14:59:05";37;"Female";"Employed full-time";"Colombia";"Under $1,000";"Equal mix";"Often";"Local e-commerce";"Tablet";"Books";5;5;"5";4;"No";4;"Often";"3";"Sometimes";"$50-150";"Digital wallet";"Yes, occasionally";8;7;1;"More variety";"Not applicable";"Offline"
434;"02/08/2026 07:43:45";42;"Male";"Employed full-time";"Kenya";"$1,000-3,000";"Equal mix";"Occasionally";"Physical stores";"Laptop";"Clothing";2;4;"3";3;"No";4;"Sometimes";"1";"Often";"Under $50";"Credit Card";"Yes, regularly";8;7;1;"More variety";"No delivery wait";"Offline"
435;"30/07/2026 01:31:09";21;"Prefer not to say";"Student";"Germany";"Under $1,000";"Equal mix";"Rarely";"Local e-commerce";"Smartphone";"Books";3;1;"5";4;"No";2;"Never";"1";"Sometimes";"Under $50";"Debit Card";"Yes, regularly";8;5;1;"Convenience";"Try product before buying";"Offline"
436;"22/07/2026 10:12:04";32;"Male";"Employed full-time";"Philippines";"$3,000-6,000";"Equal mix";"Often";"Global marketplace (Amazon etc.)";"Smartphone";"Electronics";4;4;"5";4;"No";4;"Unknown";"1";"Never";"$150-300";"Digital wallet";"No, never";8;9;2;"Better prices";"Try product before buying";"Equal / both"
437;"21/06/2026 07:23:59";21;"Female";"Student";"Indonesia";"Under $1,000";"In-store only";"Occasionally";"Physical stores";"Laptop";"Books";3;3;"4";4;"No";2;"Often";"4";"Unknown";"$150-300";"Digital wallet";"Yes, regularly";10;2;2;"Better prices";"Not applicable";"Offline"
439;"29/06/2026 04:22:38";21;"Female";"Student";"Poland";"Under $1,000";"Equal mix";"Occasionally";"Global marketplace (Amazon etc.)";"Unknown";"Books";4;2;"5";5;"Yes";3;"Always";"3";"Never";"Under $50";"Credit Card";"No, never";5;4;4;"Better prices";"No delivery wait";"Equal / both"
440;"25/07/2026 01:55:25";20;"Male";"Student";"Kenya";"$1,000-3,000";"Equal mix";"Occasionally";"Physical stores";"Smartphone";"Electronics";3;1;"4";4;"No";3;"Sometimes";"2";"Often";"$300-500";"Digital wallet";"Unknown";6;7;3;"More variety";"Try product before buying";"Equal / both"
441;"30/06/2026 20:09:30";18;"Male";"Student";"Kenya";"Under $1,000";"Online only";"Occasionally";"Local e-commerce";"Laptop";"miscellaneous";4;4;"5";5;"Yes";3;"Unknown";"4";"Unknown";"Unknown";"Digital wallet";"No, never";6;6;4;"Convenience";"Trust";"Online"
443;"06/08/2026 16:46:38";21;"Male";"Student";"Philippines";"$1,000-3,000";"Equal mix";"Occasionally";"Brand websites";"Tablet";"miscellaneous";3;4;"4";3;"No";3;"Always";"1";"Never";"$50-150";"Debit Card";"Yes, regularly";8;9;2;"Unknown";"Not applicable";"Equal / both"
444;"15/08/2026 16:36:04";18;"Male";"Student";"Brazil";"$1,000-3,000";"Unknown";"Often";"Global marketplace (Amazon etc.)";"Smartphone";"Clothing";5;4;"4";3;"No";5;"Sometimes";"3";"Sometimes";"$50-150";"Debit Card";"No, never";6;2;1;"More variety";"Trust";"Unknown"
445;"09/08/2026 17:08:47";20;"Female";"Student";"Egypt";"$1,000-3,000";"Equal mix";"Occasionally";"Global marketplace (Amazon etc.)";"Laptop";"Groceries";3;3;"3";4;"No";1;"Always";"1";"Often";"$150-300";"Debit Card";"Yes, occasionally";8;8;3;"Convenience";"Unknown";"Offline"
448;"25/07/2026 17:55:22";16;"Male";"Student";"United Kingdom";"Under $1,000";"Online only";"Occasionally";"Global marketplace (Amazon etc.)";"Smartphone";"Unknown";4;5;"5";1;"No";5;"Always";"5";"Sometimes";"Under $50";"Digital wallet";"No, never";6;7;1;"Not applicable";"Trust";"Online"
449;"22/08/2026 21:30:39";20;"Male";"Student";"Brazil";"$1,000-3,000";"Online only";"Occasionally";"Unknown";"Smartphone";"Electronics";3;3;"5";3;"Yes";3;"Often";"2";"Sometimes";"Under $50";"Credit Card";"No, never";4;5;2;"More variety";"Trust";"Equal / both"
452;"16/07/2026 22:53:24";25;"Male";"Student";"Mexico";"Under $1,000";"Online only";"Rarely";"Global marketplace (Amazon etc.)";"Smartphone";"Groceries";4;2;"5";4;"No";1;"Sometimes";"1";"Often";"Under $50";"Digital wallet";"Yes, regularly";7;6;1;"More variety";"Not applicable";"Online"
453;"05/08/2026 06:06:00";21;"Male";"Employed full-time";"Mexico";"$1,000-3,000";"Equal mix";"Occasionally";"Brand websites";"Smartphone";"Electronics";2;3;"4";5;"No";4;"Never";"5";"Sometimes";"$50-150";"Digital wallet";"No, never";7;7;3;"Convenience";"No delivery wait";"Online"
455;"26/07/2026 03:41:42";23;"Male";"Student";"Pakistan";"$1,000-3,000";"Online only";"Often";"Global marketplace (Amazon etc.)";"Smartphone";"Clothing";4;5;"4";4;"No";3;"Often";"4";"Never";"$300-500";"Credit Card";"No, never";7;7;3;"Convenience";"Trust";"Online"
457;"18/07/2026 03:53:41";35;"Male";"Unemployed";"United Kingdom";"Under $1,000";"Equal mix";"Often";"Global marketplace (Amazon etc.)";"Smartphone";"Clothing";4;4;"3";4;"No";3;"Often";"2";"Never";"Under $50";"Digital wallet";"No, never";6;5;2;"Convenience";"No delivery wait";"Offline"
460;"19/08/2026 03:58:05";20;"Male";"Student";"Nigeria";"Under $1,000";"Equal mix";"Rarely";"Physical stores";"Smartphone";"Groceries";2;3;"3";3;"No";3;"Never";"3";"Often";"Under $50";"Digital wallet";"Yes, occasionally";5;5;2;"Better prices";"Not applicable";"Offline"
462;"25/07/2026 00:04:08";29;"Female";"Employed part-time";"India";"Under $1,000";"In-store only";"Occasionally";"Global marketplace (Amazon etc.)";"Smartphone";"Clothing";3;2;"3";4;"No";1;"Always";"3";"Often";"Under $50";"Credit Card";"Yes, occasionally";7;9;3;"Convenience";"Trust";"Offline"
463;"03/07/2026 14:47:42";16;"Male";"Student";"Slovakia";"Under $1,000";"Online only";"Occasionally";"Global marketplace (Amazon etc.)";"Smartphone";"miscellaneous";3;1;"3";4;"No";3;"Often";"5";"Never";"Unknown";"Digital wallet";"No, never";9;8;3;"More variety";"Not applicable";"Online"
464;"17/08/2026 20:46:35";45;"Female";"Employed full-time";"India";"$3,000-6,000";"Online only";"Occasionally";"Global marketplace (Amazon etc.)";"Tablet";"Books";4;2;"2";5;"No";3;"Always";"";"Sometimes";"$300-500";"Debit Card";"Yes, regularly";9;3;2;"Convenience";"No delivery wait";"Online"
465;"15/07/2026 05:18:44";20;"Female";"Student";"Vietnam";"Under $1,000";"Equal mix";"Rarely";"Local e-commerce";"Unknown";"Groceries";5;4;"3";4;"Yes";4;"Sometimes";"2";"Sometimes";"Under $50";"Digital wallet";"Yes, occasionally";8;5;4;"Convenience";"Not applicable";"Offline"
466;"10/07/2026 14:41:51";16;"Female";"Student";"Egypt";"$1,000-3,000";"In-store only";"Rarely";"Local e-commerce";"Smartphone";"miscellaneous";4;5;"4";5;"No";4;"Always";"4";"Sometimes";"$50-150";"Credit Card";"Yes, occasionally";8;7;1;"More variety";"Trust";"Offline"
470;"25/06/2026 14:43:21";23;"Female";"Employed part-time";"Pakistan";"Under $1,000";"Equal mix";"Occasionally";"Physical stores";"Smartphone";"Clothing";3;1;"4";4;"No";3;"Sometimes";"3";"Sometimes";"$50-150";"Debit Card";"Yes, occasionally";8;6;2;"Not applicable";"Try product before buying";"Online"
473;"20/06/2026 21:45:33";28;"Female";"Employed part-time";"Mexico";"$1,000-3,000";"Equal mix";"Occasionally";"Physical stores";"Smartphone";"Clothing";3;4;"5";3;"No";3;"Always";"2";"Often";"$150-300";"Digital wallet";"Yes, regularly";6;9;2;"More variety";"Trust";"Online"
475;"01/08/2026 16:19:25";21;"Female";"Student";"India";"$6,000+";"Online only";"Often";"Physical stores";"Smartphone";"Groceries";2;1;"5";4;"No";1;"Always";"2";"Never";"$500+";"Digital wallet";"No, never";7;7;4;"Better prices";"Trust";"Online"
477;"20/06/2026 02:10:10";34;"Male";"Employed part-time";"South Africa";"Unknown";"Equal mix";"Occasionally";"Global marketplace (Amazon etc.)";"Smartphone";"Clothing";3;1;"3";5;"Yes";2;"Sometimes";"3";"Sometimes";"Under $50";"Digital wallet";"No, never";3;8;2;"More variety";"Trust";"Online"
478;"16/08/2026 15:53:11";18;"Male";"Student";"Turkiye";"Unknown";"Online only";"Unknown";"Unknown";"Laptop";"Electronics";2;1;"4";4;"No";1;"Often";"1";"Sometimes";"$50-150";"Debit Card";"No, never";6;5;3;"More variety";"Try product before buying";"Online"
479;"12/08/2026 01:56:49";22;"Male";"Student";"Brazil";"Under $1,000";"Online only";"Often";"Physical stores";"Smartphone";"Electronics";4;3;"5";2;"No";3;"Never";"5";"Sometimes";"Under $50";"Digital wallet";"Unknown";7;6;4;"Convenience";"Try product before buying";"Online"
480;"11/08/2026 09:06:21";18;"Prefer not to say";"Student";"Mexico";"Under $1,000";"Equal mix";"Occasionally";"Brand websites";"Laptop";"Groceries";4;3;"4";5;"Yes";3;"Never";"2";"Unknown";"$300-500";"Digital wallet";"Yes, occasionally";5;6;3;"Better prices";"Try product before buying";"Equal / both"
482;"28/06/2026 18:35:48";22;"Prefer not to say";"Student";"Turkiye";"Under $1,000";"Equal mix";"Often";"Brand websites";"Laptop";"miscellaneous";2;3;"3";5;"No";4;"Never";"3";"Sometimes";"$50-150";"Credit Card";"Yes, regularly";8;4;2;"More variety";"Unknown";"Equal / both"
483;"13/07/2026 02:31:37";26;"Male";"Employed part-time";"Vietnam";"$6,000+";"In-store only";"Occasionally";"Local e-commerce";"Smartphone";"Clothing";2;3;"5";5;"No";2;"Sometimes";"3";"Never";"$300-500";"Digital wallet";"No, never";9;9;2;"Convenience";"Try product before buying";"Offline"
485;"20/07/2026 09:36:39";31;"Male";"Self-employed";"Indonesia";"Under $1,000";"Online only";"Unknown";"Physical stores";"Laptop";"Groceries";3;2;"5";5;"No";2;"Often";"4";"Never";"Under $50";"Cash";"No, never";8;7;1;"More variety";"No delivery wait";"Online"
486;"25/06/2026 08:28:36";32;"Prefer not to say";"Employed full-time";"Poland";"$6,000+";"Equal mix";"Occasionally";"Brand websites";"Smartphone";"Books";1;2;"4";2;"No";2;"Sometimes";"2";"Often";"$300-500";"Digital wallet";"No, never";9;6;2;"Better prices";"Try product before buying";"Unknown"
487;"08/08/2026 18:58:45";31;"Male";"Employed part-time";"Philippines";"$3,000-6,000";"Equal mix";"Occasionally";"Global marketplace (Amazon etc.)";"Smartphone";"Clothing";2;1;"4";2;"Yes";4;"Sometimes";"2";"Never";"$150-300";"Digital wallet";"Yes, occasionally";7;4;2;"More variety";"Try product before buying";"Offline"
488;"06/08/2026 00:39:06";26;"Male";"Employed part-time";"Mexico";"Under $1,000";"Equal mix";"Often";"Unknown";"Laptop";"Clothing";2;1;"";5;"No";2;"Unknown";"2";"Sometimes";"$50-150";"Digital wallet";"Yes, occasionally";6;6;1;"Better prices";"Trust";"Offline"
490;"23/06/2026 00:12:45";20;"Male";"Self-employed";"Indonesia";"Under $1,000";"Equal mix";"Rarely";"Physical stores";"Laptop";"miscellaneous";2;2;"4";4;"No";3;"Often";"2";"Sometimes";"Under $50";"Debit Card";"No, never";7;7;1;"More variety";"Try product before buying";"Equal / both"
491;"12/08/2026 23:34:43";20;"Female";"Student";"South Africa";"Under $1,000";"Online only";"Occasionally";"Global marketplace (Amazon etc.)";"Laptop";"Groceries";4;2;"5";2;"No";2;"Sometimes";"3";"Never";"$50-150";"Credit Card";"No, never";3;7;2;"Convenience";"No delivery wait";"Online"
492;"15/07/2026 10:32:25";21;"Female";"Employed full-time";"Indonesia";"$3,000-6,000";"In-store only";"Always";"Brand websites";"Smartphone";"miscellaneous";5;3;"5";4;"No";2;"Often";"2";"Never";"$150-300";"Credit Card";"Yes, occasionally";7;5;2;"Not applicable";"Not applicable";"Offline"
493;"06/08/2026 10:41:46";21;"Female";"Employed full-time";"Kenya";"$1,000-3,000";"Equal mix";"Occasionally";"Physical stores";"Laptop";"Clothing";3;3;"3";4;"No";4;"Sometimes";"4";"Sometimes";"$50-150";"Credit Card";"Yes, occasionally";6;4;2;"Not applicable";"Trust";"Online"
494;"02/07/2026 15:14:40";32;"Female";"Unemployed";"Nigeria";"Under $1,000";"In-store only";"Often";"Local e-commerce";"Laptop";"Electronics";3;2;"5";3;"Yes";3;"Always";"1";"Sometimes";"Under $50";"Digital wallet";"Yes, occasionally";6;5;1;"Not applicable";"No delivery wait";"Offline"
495;"14/08/2026 08:24:32";18;"Male";"Employed part-time";"Mexico";"Under $1,000";"Equal mix";"Occasionally";"Global marketplace (Amazon etc.)";"Smartphone";"Clothing";4;2;"5";5;"No";2;"Unknown";"";"Often";"Under $50";"Debit Card";"Yes, occasionally";6;7;2;"Convenience";"No delivery wait";"Equal / both"
498;"23/06/2026 05:27:31";26;"Male";"Student";"Brazil";"Unknown";"Equal mix";"Often";"Brand websites";"Laptop";"Groceries";4;3;"5";3;"No";5;"Never";"3";"Never";"$150-300";"Digital wallet";"No, never";8;5;1;"Better prices";"Trust";"Offline"
499;"17/07/2026 08:05:20";37;"Female";"Employed full-time";"United Kingdom";"$6,000+";"In-store only";"Occasionally";"Global marketplace (Amazon etc.)";"Laptop";"miscellaneous";4;4;"2";5;"No";4;"Sometimes";"3";"Never";"$50-150";"Digital wallet";"No, never";8;10;2;"More variety";"Trust";"Offline"
